P_d,P_s,S_sub_gamma_CF,checkpoint,d_R_gamma_CF,gamma,stratum,unit_id
0.0,0.0,0.41807673268564655,291402,0.8875941593311782,0.0,S1,W29U_2B98D8963199CEBD39881CF3
0.041470028971916074,0.03724603575831131,0.45532276844395786,291402,0.8507856038283693,0.25,S1,W29U_2B98D8963199CEBD39881CF3
0.08215843950133035,0.06062967097909594,0.4787064036647425,291402,0.8146708082899513,0.5,S1,W29U_2B98D8963199CEBD39881CF3
0.2529552337407033,0.23732778405234262,0.6554045167379892,291402,0.6630725712904241,0.75,S1,W29U_2B98D8963199CEBD39881CF3
0.37584393951753087,0.34415427098721346,0.76223100367286,291402,0.5539972737950214,1.0,S1,W29U_2B98D8963199CEBD39881CF3
0.0,0.0,0.9754615680301215,291402,0.13007020481678808,0.0,S1,W29U_11EACAC0A69B433BE5335374
0.308088482525408,0.01199158901629882,0.9874531570464203,291402,0.08999707279270673,0.25,S1,W29U_11EACAC0A69B433BE5335374
0.5048055577743316,0.018800774138101217,0.9942623421682227,291402,0.06441004252392302,0.5,S1,W29U_11EACAC0A69B433BE5335374
0.5170666343067843,0.02113236860086465,0.9965939366309862,291402,0.0628152417880603,0.75,S1,W29U_11EACAC0A69B433BE5335374
0.3297326564528321,0.01907727275545179,0.9945388407855733,291402,0.08718181065685485,1.0,S1,W29U_11EACAC0A69B433BE5335374
0.0,0.0,0.9906481405035592,291402,0.15370350928541485,0.0,S1,W29U_CDB45AA59812E048F89D1FEF
0.3758447675540713,0.0057058900326524276,0.9963540305362116,291402,0.09593484956541722,0.25,S1,W29U_CDB45AA59812E048F89D1FEF
0.7207098757485263,0.008430123863007233,0.9990782643665664,291402,0.04292787220549034,0.5,S1,W29U_CDB45AA59812E048F89D1FEF
0.7629135801507319,0.008421021758221237,0.9990691622617804,291402,0.03644101473398483,0.75,S1,W29U_CDB45AA59812E048F89D1FEF
0.4808014024219935,0.005639294216509327,0.9962874347200685,291402,0.07980264646332469,1.0,S1,W29U_CDB45AA59812E048F89D1FEF
0.0,0.0,0.9864704873341695,291402,0.15526775034537937,0.0,S1,W29U_D8CFC7B512CCF79D00E3DA72
0.40035712302779664,0.007441299536897983,0.9939117868710675,291402,0.09310520051770475,0.25,S1,W29U_D8CFC7B512CCF79D00E3DA72
0.6539331180510258,0.011439350189552444,0.997909837523722,291402,0.053733026228603264,0.5,S1,W29U_D8CFC7B512CCF79D00E3DA72
0.5990056338122828,0.011654260300417052,0.9981247476345866,291402,0.062261493138539105,0.75,S1,W29U_D8CFC7B512CCF79D00E3DA72
0.3865181852644387,0.008465557753781994,0.9949360450879515,291402,0.09525394125140489,1.0,S1,W29U_D8CFC7B512CCF79D00E3DA72
0.0,0.0,0.9069622533520754,291402,0.3055050501404774,0.0,S1,W29U_0C150BD91825DDE5B26260D3
0.19753349533484035,0.02943414744553785,0.9363964007976132,291402,0.2451575697435857,0.25,S1,W29U_0C150BD91825DDE5B26260D3
0.3814710191204486,0.05439402753746647,0.9613562808895418,291402,0.18896372731656427,0.5,S1,W29U_0C150BD91825DDE5B26260D3
0.5395874015129709,0.07195135499937044,0.9789136083514458,291402,0.14065837398554773,0.75,S1,W29U_0C150BD91825DDE5B26260D3
0.6445845004580206,0.08167666872411472,0.9886389220761901,291402,0.10858123000763067,1.0,S1,W29U_0C150BD91825DDE5B26260D3
0.0,0.0,0.6267650765680687,291402,0.8036526592739958,0.0,S1,W29U_2F5C149851D9AB038AA06566
0.07462113400217688,0.02039423236184512,0.6471593089299138,291402,0.7436831864950305,0.25,S1,W29U_2F5C149851D9AB038AA06566
0.1516371833202594,0.034841583369264906,0.6616066599373336,291402,0.6817890336536993,0.5,S1,W29U_2F5C149851D9AB038AA06566
0.23849631046728706,0.043971557326603516,0.6707366338946722,291402,0.6119844651396855,0.75,S1,W29U_2F5C149851D9AB038AA06566
0.3425385571515065,0.13815632795673505,0.7649214045248037,291402,0.5283706369149674,1.0,S1,W29U_2F5C149851D9AB038AA06566
0.0,0.0,0.8223167703592117,291402,0.46265487138145694,0.0,S1,W29U_A3B6D3BDB73A7B2D4AE044E2
0.25823420576569395,0.06589249375071615,0.8882092641099278,291402,0.3431815581263789,0.25,S1,W29U_A3B6D3BDB73A7B2D4AE044E2
0.5330169931384006,0.12891868453171107,0.9512354548909228,291402,0.21605196297634632,0.5,S1,W29U_A3B6D3BDB73A7B2D4AE044E2
0.3690545179635915,0.03489518137283565,0.8572119517320473,291402,0.2919100008398969,0.75,S1,W29U_A3B6D3BDB73A7B2D4AE044E2
-0.18951236302255534,-0.07606985428223356,0.7462469160769781,291402,0.5503336893210428,1.0,S1,W29U_A3B6D3BDB73A7B2D4AE044E2
0.0,0.0,0.5508599582152385,291402,0.845363200767159,0.0,S1,W29U_AC8C1DB17FDD8141A366E8D2
0.1724018486078162,0.07698314590390243,0.6278431041191409,291402,0.6996210222097079,0.25,S1,W29U_AC8C1DB17FDD8141A366E8D2
0.3682231939502131,0.08970202054939247,0.640561978764631,291402,0.5340808629323323,0.5,S1,W29U_AC8C1DB17FDD8141A366E8D2
0.28211963111340926,0.22293675183220385,0.7737967100474423,291402,0.6068696464095951,0.75,S1,W29U_AC8C1DB17FDD8141A366E8D2
0.08766309809628388,0.27993463038431843,0.8307945885995569,291402,0.7712560435712313,1.0,S1,W29U_AC8C1DB17FDD8141A366E8D2
0.0,0.0,0.9455641635040183,291402,0.35428955995023903,0.0,S1,W29U_B1AA4B604A313D5010E1A61F
0.37178514154120734,0.029856735755812824,0.9754208992598311,291402,0.22256996575719556,0.25,S1,W29U_B1AA4B604A313D5010E1A61F
0.7324385240969562,0.04726729460950552,0.9928314581135238,291402,0.09479423755659343,0.5,S1,W29U_B1AA4B604A313D5010E1A61F
0.8266735867004269,0.04982260662534377,0.995386770129362,291402,0.06140773869483237,0.75,S1,W29U_B1AA4B604A313D5010E1A61F
0.46028032587714246,0.012921309465124264,0.9584854729691425,291402,0.19121704584101334,1.0,S1,W29U_B1AA4B604A313D5010E1A61F
0.0,0.0,0.8383629358693545,291402,0.5036404409264246,0.0,S1,W29U_4BC3ADADD4685C9154124B37
-0.01617175190663344,0.03466452214627058,0.8730274580156251,291402,0.5117851891872504,0.25,S1,W29U_4BC3ADADD4685C9154124B37
0.07383599999656985,0.08580159387324904,0.9241645297426035,291402,0.4664536453318348,0.5,S1,W29U_4BC3ADADD4685C9154124B37
0.37656273909736643,0.1035273832941408,0.9418903191634953,291402,0.3139882169705882,0.75,S1,W29U_4BC3ADADD4685C9154124B37
-0.11982846452363112,-0.12396452499300725,0.7143984108763473,291402,0.5639909016347624,1.0,S1,W29U_4BC3ADADD4685C9154124B37
0.0,0.0,0.628721221701889,291402,0.8374189193043666,0.0,S1,W29U_62F02A00E48B9E836FA9D0FE
0.07824824591482199,0.009393318764976621,0.6381145404668657,291402,0.7718923577728358,0.25,S1,W29U_62F02A00E48B9E836FA9D0FE
0.20681157650880608,0.04001381470104892,0.668735036402938,291402,0.6642309924045231,0.5,S1,W29U_62F02A00E48B9E836FA9D0FE
0.4094484136765138,0.2996695869034113,0.9283908086053003,291402,0.49453907121208374,0.75,S1,W29U_62F02A00E48B9E836FA9D0FE
0.6409518697912261,0.3236833781099393,0.9524045998118283,291402,0.3006736971770441,1.0,S1,W29U_62F02A00E48B9E836FA9D0FE
0.0,0.0,0.7543641089237928,291402,0.5565737139500672,0.0,S1,W29U_E53925AE8D426CFBA11CA56F
0.2917561018847647,0.09891421589491078,0.8532783248187036,291402,0.39418993675617775,0.25,S1,W29U_E53925AE8D426CFBA11CA56F
0.506152680806814,0.1620307097606376,0.9163948186844304,291402,0.27486243656712966,0.5,S1,W29U_E53925AE8D426CFBA11CA56F
0.5908845226245039,0.19140585828422385,0.9457699672080166,291402,0.22770292067674372,0.75,S1,W29U_E53925AE8D426CFBA11CA56F
0.5348041769189504,0.1719499812383133,0.9263140901621061,291402,0.25891576696574337,1.0,S1,W29U_E53925AE8D426CFBA11CA56F
0.0,0.0,0.7120120653513836,291402,0.7632643338977322,0.0,S1,W29U_5E9585B5B6DBFD2154636B70
0.03684856483553009,0.010099321325958033,0.7221113866773416,291402,0.7351391386034171,0.25,S1,W29U_5E9585B5B6DBFD2154636B70
0.07952413215479646,0.02824460528973549,0.7402566706411191,291402,0.7025664001397267,0.5,S1,W29U_5E9585B5B6DBFD2154636B70
0.19774629564066928,0.061133189825416046,0.7731452551767997,291402,0.612331639274615,0.75,S1,W29U_5E9585B5B6DBFD2154636B70
0.5438589381073645,0.1978277575963675,0.9098398229477511,291402,0.34815620376834283,1.0,S1,W29U_5E9585B5B6DBFD2154636B70
0.0,0.0,0.7138758005571164,291402,0.5476719797616856,0.0,S1,W29U_E9525766D7F0FD19E74D6A7E
0.04887291838796666,0.032669199460432785,0.7465450000175492,291402,0.5209056517913677,0.25,S1,W29U_E9525766D7F0FD19E74D6A7E
0.577086307941602,0.1712214252711587,0.8850972258282751,291402,0.23161797899736963,0.5,S1,W29U_E9525766D7F0FD19E74D6A7E
0.5729013679618966,0.22348273426307663,0.937358534820193,291402,0.23390995336124284,0.75,S1,W29U_E9525766D7F0FD19E74D6A7E
0.26025306670697673,0.131214446222787,0.8450902467799034,291402,0.4051386674789654,1.0,S1,W29U_E9525766D7F0FD19E74D6A7E
0.0,0.0,0.5345438197639398,291402,0.8798190485934502,0.0,S1,W29U_BA70175A76438B66A59B5FB8
0.1660182064809673,0.08973560828606197,0.6242794280500018,291402,0.7337530681180086,0.25,S1,W29U_BA70175A76438B66A59B5FB8
0.34819097843216157,0.11507578449490141,0.6496196042588412,291402,0.5734739932200951,0.5,S1,W29U_BA70175A76438B66A59B5FB8
0.4478485026589707,0.19690516124828106,0.7314489810122209,291402,0.4857934050695855,0.75,S1,W29U_BA70175A76438B66A59B5FB8
0.18279908341292272,0.3015139263354827,0.8360577460994225,291402,0.718988932941155,1.0,S1,W29U_BA70175A76438B66A59B5FB8
0.0,0.0,0.5277415692175542,291402,0.8425349112490358,0.0,S1,W29U_A972A9FE615861DB83C1C26E
0.15618269644857183,0.08988720650281679,0.617628775720371,291402,0.710945536957947,0.25,S1,W29U_A972A9FE615861DB83C1C26E
0.33903080373791467,0.11100748896275336,0.6387490581803076,291402,0.5568896231106836,0.5,S1,W29U_A972A9FE615861DB83C1C26E
0.3233547328726491,0.20482593838495022,0.7325675076025044,291402,0.5700972600858993,0.75,S1,W29U_A972A9FE615861DB83C1C26E
0.09081847938435614,0.2997723433502748,0.827513912567829,291402,0.7660171717810741,1.0,S1,W29U_A972A9FE615861DB83C1C26E
0.0,0.0,0.8488741891904786,291402,0.4961312577573081,0.0,S1,W29U_D72E64A6FE3FD6481A8DD4F3
0.03965303661677271,0.045596602939782516,0.8944707921302611,291402,0.4764581468266924,0.25,S1,W29U_D72E64A6FE3FD6481A8DD4F3
0.30856878545582933,0.09915190393475604,0.9480260931252347,291402,0.343040638124154,0.5,S1,W29U_D72E64A6FE3FD6481A8DD4F3
0.5737552208405025,0.08355290701947893,0.9324270962099576,291402,0.21147335839631382,0.75,S1,W29U_D72E64A6FE3FD6481A8DD4F3
-0.11165989248512972,-0.11748370142464648,0.7313904877658322,291402,0.551529220657113,1.0,S1,W29U_D72E64A6FE3FD6481A8DD4F3
0.0,0.0,0.9805524501730446,291402,0.1854839750992552,0.0,S1,W29U_AAD068AB87B51FB466F1641F
0.06102815093623976,0.003067959008189458,0.9836204091812341,291402,0.1741642310705831,0.25,S1,W29U_AAD068AB87B51FB466F1641F
0.04466706086109639,0.0035243230372120626,0.9840767732102567,291402,0.17719895109469402,0.5,S1,W29U_AAD068AB87B51FB466F1641F
-0.07152587798455799,0.0006961940827848734,0.9812486442558295,291402,0.19875087927036686,0.75,S1,W29U_AAD068AB87B51FB466F1641F
-0.2768188857697731,-0.005337503530357002,0.9752149466426876,291402,0.2368294424146562,1.0,S1,W29U_AAD068AB87B51FB466F1641F
0.0,0.0,0.5607663065670008,291402,0.762403706866718,0.0,S1,W29U_6CFF1D75487CD3A42D913977
-0.03653923830840987,0.025337415602991187,0.586103722169992,291402,0.7902613575991726,0.25,S1,W29U_6CFF1D75487CD3A42D913977
0.22120997533279532,0.17387817602038547,0.7346444825873862,291402,0.5937524016768784,0.5,S1,W29U_6CFF1D75487CD3A42D913977
0.4948576916855621,0.2980285220785005,0.8587948286455013,291402,0.38512236835364316,0.75,S1,W29U_6CFF1D75487CD3A42D913977
0.7788338689915498,0.4058747787675373,0.9666410853345381,291402,0.16861787811343376,1.0,S1,W29U_6CFF1D75487CD3A42D913977
0.0,0.0,0.5636269967350566,291402,0.6905727277122025,0.0,S1,W29U_E39EA8A21758C10BCC5F4B25
0.09190369872576838,0.05127031426543616,0.6148973110004927,291402,0.6271065397962162,0.25,S1,W29U_E39EA8A21758C10BCC5F4B25
0.22373634562203948,0.12653134833260926,0.6901583450676658,291402,0.5360665092274068,0.5,S1,W29U_E39EA8A21758C10BCC5F4B25
0.42428808127409745,0.33423411819498317,0.8978611149300397,291402,0.39757095009054805,0.75,S1,W29U_E39EA8A21758C10BCC5F4B25
0.6682656365516291,0.40258548620360635,0.9662124829386629,291402,0.22908670424174438,1.0,S1,W29U_E39EA8A21758C10BCC5F4B25
0.0,0.0,0.9643598732156414,291402,0.2833413912388385,0.0,S1,W29U_C886BB9C0B293A1ED9758B14
0.4592441931045785,0.022956187887126944,0.9873160611027684,291402,0.1532185026457702,0.25,S1,W29U_C886BB9C0B293A1ED9758B14
0.798649687347617,0.03292143046615559,0.997281303681797,291402,0.05705087771250268,0.5,S1,W29U_C886BB9C0B293A1ED9758B14
0.7594468911979374,0.0313164102119754,0.9956762834276168,291402,0.0681586525140447,0.75,S1,W29U_C886BB9C0B293A1ED9758B14
0.22723284851913855,0.004973204960913691,0.9693330781765551,291402,0.2189569198040343,1.0,S1,W29U_C886BB9C0B293A1ED9758B14
0.0,0.0,0.837729936912492,291402,0.49501372957322365,0.0,S1,W29U_A5910054BB855156E9B32F8C
0.17745837464862005,0.04022208055565313,0.8779520174681451,291402,0.4071693976942304,0.25,S1,W29U_A5910054BB855156E9B32F8C
0.3365527019984819,0.09644254905972216,0.9341724859722141,291402,0.32841552135867286,0.5,S1,W29U_A5910054BB855156E9B32F8C
0.18054662329071028,-0.07745354956577921,0.7602763873467128,291402,0.40564067221605676,0.75,S1,W29U_A5910054BB855156E9B32F8C
-0.1345659775792786,-0.11952250055850355,0.7182074363539884,291402,0.5616257360085437,1.0,S1,W29U_A5910054BB855156E9B32F8C
0.0,0.0,0.9741683078383814,291402,0.1346120702915709,0.0,S1,W29U_2A89DC488AD15CBE1249ED0D
0.3334421170900236,0.012992180428988531,0.9871604882673699,291402,0.089726736587345,0.25,S1,W29U_2A89DC488AD15CBE1249ED0D
0.5088800216896677,0.020028138035911636,0.994196445874293,291402,0.06611067704139635,0.5,S1,W29U_2A89DC488AD15CBE1249ED0D
0.47903445201187317,0.021980147131833494,0.9961484549702149,291402,0.07012825096478545,0.75,S1,W29U_2A89DC488AD15CBE1249ED0D
0.29239536068356764,0.019509108018443078,0.9936774158568245,291402,0.09525212544601287,1.0,S1,W29U_2A89DC488AD15CBE1249ED0D
0.0,0.0,0.9228788254735013,291402,0.4100962575344859,0.0,S1,W29U_9D11D773ABD3D5DDFD96D857
0.14298995738403467,0.02283028609176907,0.9457091115652704,291402,0.3514566111461347,0.25,S1,W29U_9D11D773ABD3D5DDFD96D857
0.3102373187420704,0.04317942742051928,0.9660582528940206,291402,0.2828690941705192,0.5,S1,W29U_9D11D773ABD3D5DDFD96D857
0.4982219502282224,0.05970607822046792,0.9825849036939692,291402,0.2057773003238608,0.75,S1,W29U_9D11D773ABD3D5DDFD96D857
0.6942812357761978,0.07081593837673217,0.9936947638502335,291402,0.1253741210655549,1.0,S1,W29U_9D11D773ABD3D5DDFD96D857
0.0,0.0,0.8654331369769267,291402,0.5568746370332861,0.0,S1,W29U_B52BC9EA0A5865F529FD944F
-0.031119767407290715,0.014694343230017615,0.8801274802069443,291402,0.5742044462128125,0.25,S1,W29U_B52BC9EA0A5865F529FD944F
-0.039457341096914476,0.012013710758615126,0.8774468477355418,291402,0.5788474295349684,0.5,S1,W29U_B52BC9EA0A5865F529FD944F
-0.1442052764408559,-0.22428507104423778,0.6411480659326889,291402,0.6371788980097166,0.75,S1,W29U_B52BC9EA0A5865F529FD944F
-0.2148450172440166,-0.27410964576313246,0.5913234912137942,291402,0.6765163780296728,1.0,S1,W29U_B52BC9EA0A5865F529FD944F
0.0,0.0,0.9275490309304383,291402,0.479042670081505,0.0,S1,W29U_994622A6D5AD3781B8DCA5E7
-0.03241376781267826,-0.006630124887246014,0.9209189060431923,291402,0.4945702479619247,0.25,S1,W29U_994622A6D5AD3781B8DCA5E7
-0.06322677058799378,-0.01679256869002632,0.910756462240412,291402,0.5093309910846715,0.5,S1,W29U_994622A6D5AD3781B8DCA5E7
-0.13146977448745428,-0.28664889553347805,0.6409001353969602,291402,0.5420223018871199,0.75,S1,W29U_994622A6D5AD3781B8DCA5E7
-0.2609763070335244,-0.2903285974358708,0.6372204334945675,291402,0.6040614570311161,1.0,S1,W29U_994622A6D5AD3781B8DCA5E7
0.0,0.0,0.6722793132708051,291402,0.7713727645590547,0.0,S1,W29U_35D26B470FA840A2B61FA7BD
0.07803171448924666,0.0446016819686903,0.7168809952394954,291402,0.7111812252301236,0.25,S1,W29U_35D26B470FA840A2B61FA7BD
0.1587918671891016,0.09432494522701895,0.7666042584978241,291402,0.6488850429757443,0.5,S1,W29U_35D26B470FA840A2B61FA7BD
0.24684849517739393,0.14075908826248207,0.8130384015332872,291402,0.580960558406579,0.75,S1,W29U_35D26B470FA840A2B61FA7BD
0.3502248381327245,0.1930422604732852,0.8653215737440904,291402,0.5012188629510174,1.0,S1,W29U_35D26B470FA840A2B61FA7BD
0.0,0.0,0.8722716899979837,291402,0.3133229893383538,0.0,S1,W29U_D863F5D445E32C9CFE045647
0.15719529924642908,0.028873366516665833,0.9011450565146495,291402,0.26407008826836836,0.25,S1,W29U_D863F5D445E32C9CFE045647
0.30952543298614926,0.059547811443634746,0.9318195014416184,291402,0.2163415553985757,0.5,S1,W29U_D863F5D445E32C9CFE045647
0.4735242901655203,0.09031312614800491,0.9625848161459886,291402,0.16495694321889742,0.75,S1,W29U_D863F5D445E32C9CFE045647
0.6585450339010567,0.11443221327584618,0.9867039032738298,291402,0.10698569070188864,1.0,S1,W29U_D863F5D445E32C9CFE045647
0.0,0.0,0.9575127648964233,291402,0.3463520815800783,0.0,S1,W29U_30410D146F275D9B501A8D8B
-0.04373916039393898,0.007496686885097081,0.9650094517815204,291402,0.3615012308291277,0.25,S1,W29U_30410D146F275D9B501A8D8B
-0.11468811432733766,0.0085102040234184,0.9660229689198417,291402,0.3860745487099604,0.5,S1,W29U_30410D146F275D9B501A8D8B
-0.19470871690512975,0.003551874962948398,0.9610646398593717,291402,0.4137898509821509,0.75,S1,W29U_30410D146F275D9B501A8D8B
-0.2837626500343548,-0.01081287270965825,0.9466998921867651,291402,0.4446338660944401,1.0,S1,W29U_30410D146F275D9B501A8D8B
0.0,0.0,0.5467600785464737,291402,0.7239671235438233,0.0,S1,W29U_AB05A2088E675A5855032D7A
0.09163730090606077,0.029962565770554006,0.5767226443170277,291402,0.6576247303974511,0.25,S1,W29U_AB05A2088E675A5855032D7A
0.18764648484438887,0.08801414771536253,0.6347742262618362,291402,0.5881172376677338,0.5,S1,W29U_AB05A2088E675A5855032D7A
0.31299485498554774,0.16911673498169688,0.7158768135281706,291402,0.4973691386956072,0.75,S1,W29U_AB05A2088E675A5855032D7A
0.5456697750869565,0.3956372249385611,0.9423973034850348,291402,0.32892014606876874,1.0,S1,W29U_AB05A2088E675A5855032D7A
0.0,0.0,0.9557733165384614,291402,0.3407568791083561,0.0,S1,W29U_CBC2DCAEF6675B5D9A70E2E5
0.020027287489424582,0.00881099280308284,0.9645843093415443,291402,0.33393244312643394,0.25,S1,W29U_CBC2DCAEF6675B5D9A70E2E5
0.01049310151467814,0.01291949379649937,0.9686928103349608,291402,0.33718128258403673,0.5,S1,W29U_CBC2DCAEF6675B5D9A70E2E5
-0.02775531835153414,0.009147211367983576,0.964920527906445,291402,0.3502146947685115,0.75,S1,W29U_CBC2DCAEF6675B5D9A70E2E5
-0.09771672890674725,-0.036036862847867224,0.9197364536905942,291402,0.3740545266873943,1.0,S1,W29U_CBC2DCAEF6675B5D9A70E2E5
0.0,0.0,0.4608938301237322,291402,0.7961400033611576,0.0,S1,W29U_21A4C462A4AB85B5ED8A8FB9
0.16052977523441825,0.04540269870324354,0.5062965288269757,291402,0.6683358275663015,0.25,S1,W29U_21A4C462A4AB85B5ED8A8FB9
0.27987461796598095,0.11269032471788887,0.5735841548416211,291402,0.573320624072739,0.5,S1,W29U_21A4C462A4AB85B5ED8A8FB9
0.5648561140342176,0.4125146511163048,0.873408481240037,291402,0.34643545483482036,0.75,S1,W29U_21A4C462A4AB85B5ED8A8FB9
0.735435756035271,0.487201616074442,0.9480954461981742,291402,0.21063017807858606,1.0,S1,W29U_21A4C462A4AB85B5ED8A8FB9
0.0,0.0,0.8458549626139532,291402,0.36271181147182924,0.0,S1,W29U_229702C2BCB73563FD30EE1D
0.13939146097792995,0.035466589728546105,0.8813215523424993,291402,0.3121528821566801,0.25,S1,W29U_229702C2BCB73563FD30EE1D
0.2896557906957228,0.07475497622755534,0.9206099388415085,291402,0.25765023492498895,0.5,S1,W29U_229702C2BCB73563FD30EE1D
0.4780206213857275,0.11400310160290406,0.9598580642168573,291402,0.18932808596764458,0.75,S1,W29U_229702C2BCB73563FD30EE1D
0.714766494468828,0.14322603412624169,0.9890809967401949,291402,0.10345756148295665,1.0,S1,W29U_229702C2BCB73563FD30EE1D
0.0,0.0,0.8432305728636456,291402,0.5136206708218048,0.0,S1,W29U_3BDC39A40CA0FF75A3C3A3A6
-0.012003126211888138,0.03865433327998624,0.8818849061436318,291402,0.5197857245587256,0.25,S1,W29U_3BDC39A40CA0FF75A3C3A3A6
0.164201082891532,0.08867094762609495,0.9319015204897405,291402,0.4292836004772252,0.5,S1,W29U_3BDC39A40CA0FF75A3C3A3A6
0.5030757006081303,0.059764667556259865,0.9029952404199054,291402,0.25523059200080445,0.75,S1,W29U_3BDC39A40CA0FF75A3C3A3A6
-0.08454761154836658,-0.12916143993691231,0.7140691329267332,291402,0.5570460717817428,1.0,S1,W29U_3BDC39A40CA0FF75A3C3A3A6
0.0,0.0,0.8522515711316289,291402,0.3469591205354608,0.0,S1,W29U_4C6ED1EB798517953D0DC778
0.11629302003286385,0.03160640205982501,0.8838579731914539,291402,0.30661019658032934,0.25,S1,W29U_4C6ED1EB798517953D0DC778
0.2423141552675209,0.0632021644361076,0.9154537355677365,291402,0.26288601433030634,0.5,S1,W29U_4C6ED1EB798517953D0DC778
0.3869096780015444,0.09429347983905789,0.9465450509706868,291402,0.21271727892899972,0.75,S1,W29U_4C6ED1EB798517953D0DC778
0.5481518973236444,0.12161648553486037,0.9738680566664892,291402,0.15677282031965678,1.0,S1,W29U_4C6ED1EB798517953D0DC778
0.0,0.0,0.9843716836392516,291402,0.21152113116768162,0.0,S1,W29U_75132999B0C6E0EEE43BA989
-0.12590811944931884,-0.0016874747969852777,0.9826842088422664,291402,0.23815335901692303,0.25,S1,W29U_75132999B0C6E0EEE43BA989
-0.26704039939441443,-0.006225214661090606,0.978146468978161,291402,0.2680058185153247,0.5,S1,W29U_75132999B0C6E0EEE43BA989
-0.4084651268124455,-0.0130382495893,0.9713334340499516,291402,0.2979201368340091,0.75,S1,W29U_75132999B0C6E0EEE43BA989
-0.5450840822372445,-0.02153102257330808,0.9628406610659436,291402,0.32681793282454624,1.0,S1,W29U_75132999B0C6E0EEE43BA989
0.0,0.0,0.916951407440741,291402,0.2716107951646078,0.0,S1,W29U_F6CAD417553B07D618F9E108
0.3297265941563075,0.04100118620686488,0.9579525936476059,291402,0.18205349273856547,0.25,S1,W29U_F6CAD417553B07D618F9E108
0.5500487048247739,0.06413680633172736,0.9810882137724684,291402,0.12221162906733829,0.5,S1,W29U_F6CAD417553B07D618F9E108
0.6043658042183178,0.07282597441288274,0.9897773818536237,291402,0.10745851850996849,0.75,S1,W29U_F6CAD417553B07D618F9E108
0.4386060739038749,0.06707103257579927,0.9840224400165403,291402,0.152480650667111,1.0,S1,W29U_F6CAD417553B07D618F9E108
0.0,0.0,0.5525750507506116,291402,0.701755239867466,0.0,S1,W29U_E5D1686A18607C9EE6DB4092
0.09569604628216269,0.032231954507270566,0.5848070052578822,291402,0.6346000379542631,0.25,S1,W29U_E5D1686A18607C9EE6DB4092
0.1896952303306612,0.08486237012830333,0.637437420878915,291402,0.568635618004869,0.5,S1,W29U_E5D1686A18607C9EE6DB4092
0.31488532542449493,0.1592549662039615,0.7118300169545732,291402,0.4807828127931396,0.75,S1,W29U_E5D1686A18607C9EE6DB4092
0.5331219836751508,0.38788727356728925,0.9404623243179009,291402,0.32763409433435814,1.0,S1,W29U_E5D1686A18607C9EE6DB4092
0.0,0.0,0.6908029840033691,291402,0.6645073824333786,0.0,S1,W29U_93A1C9E34685B6807135F4C8
0.061751528150901826,0.03704497896147352,0.7278479629648427,291402,0.6234730361005,0.25,S1,W29U_93A1C9E34685B6807135F4C8
0.587735718181823,0.1759179148837685,0.8667208988871377,291402,0.27395265878118574,0.5,S1,W29U_93A1C9E34685B6807135F4C8
0.7207161003925404,0.28236044053277487,0.973163424536144,291402,0.18558621308321877,0.75,S1,W29U_93A1C9E34685B6807135F4C8
0.5123335498710456,0.22527148907110472,0.9160744730744739,291402,0.3240579562752569,1.0,S1,W29U_93A1C9E34685B6807135F4C8
0.0,0.0,0.9819864625476434,291402,0.25755084686058716,0.0,S1,W29U_F2575FC5D972AB054D7C658A
-0.12043284866867741,-0.003964275482316815,0.9780221870653266,291402,0.2885684290251584,0.25,S1,W29U_F2575FC5D972AB054D7C658A
-0.2398517570536064,-0.010594691280511825,0.9713917712671316,291402,0.31932487001098314,0.5,S1,W29U_F2575FC5D972AB054D7C658A
-0.3514288736831949,-0.0191188397502714,0.962867622797372,291402,0.34806165088930774,0.75,S1,W29U_F2575FC5D972AB054D7C658A
-0.456169483614876,-0.029094743165013703,0.9528917193826297,291402,0.3750376836780114,1.0,S1,W29U_F2575FC5D972AB054D7C658A
0.0,0.0,0.44959979668259936,291402,0.8358981376458219,0.0,S1,W29U_0400BA4294543C5E4BC160A2
0.18560604740824482,0.07443161635794598,0.5240314130405453,291402,0.6807503882812823,0.25,S1,W29U_0400BA4294543C5E4BC160A2
0.3511875094708109,0.2646125169841988,0.7142123136667982,291402,0.5423411525143454,0.5,S1,W29U_0400BA4294543C5E4BC160A2
0.5107476132319356,0.33514706580229364,0.784746862484893,291402,0.4089651589376876,0.75,S1,W29U_0400BA4294543C5E4BC160A2
0.7244713816366335,0.5069006738596309,0.9565004705422302,291402,0.23031385895734002,1.0,S1,W29U_0400BA4294543C5E4BC160A2
0.0,0.0,0.8866020688298807,291402,0.2986179679199165,0.0,S1,W29U_7A5126EDF2108BF759D41021
0.15720245610461767,0.026395988036249873,0.9129980568661306,291402,0.2516744899257785,0.25,S1,W29U_7A5126EDF2108BF759D41021
0.3118517445805831,0.053728473894884554,0.9403305427247652,291402,0.2054934336606701,0.5,S1,W29U_7A5126EDF2108BF759D41021
0.48026156498757844,0.08102102916856013,0.9676230979984408,291402,0.15520323531280666,0.75,S1,W29U_7A5126EDF2108BF759D41021
0.6700979553007438,0.10242120864588389,0.9890232774757646,291402,0.09851467820004729,1.0,S1,W29U_7A5126EDF2108BF759D41021
0.0,0.0,0.9808805730419077,291402,0.21745740168706845,0.0,S1,W29U_4542EF183B2513200195497A
-0.10752463898692598,-0.004856189967087032,0.9760243830748206,291402,0.24083943029861296,0.25,S1,W29U_4542EF183B2513200195497A
-0.21752277507236636,-0.012091800296686106,0.9687887727452216,291402,0.2647593391622834,0.5,S1,W29U_4542EF183B2513200195497A
-0.329629897066709,-0.020856193659584243,0.9600243793823234,291402,0.28913786262190044,0.75,S1,W29U_4542EF183B2513200195497A
-0.45530534255256305,-0.030912675150317814,0.9499678978915899,291402,0.31646691845324476,1.0,S1,W29U_4542EF183B2513200195497A
0.0,0.0,0.9520060500223572,291402,0.3326875832839919,0.0,S1,W29U_1286685795C121BE6FFD658C
0.16047734644439698,0.01417004695670121,0.9661760969790584,291402,0.2792987627234171,0.25,S1,W29U_1286685795C121BE6FFD658C
0.3253379706284824,0.02462957707648905,0.9766356270988462,291402,0.2244516800847584,0.5,S1,W29U_1286685795C121BE6FFD658C
0.49532304455277903,0.03259949392089578,0.984605543943253,291402,0.16789975664636347,0.75,S1,W29U_1286685795C121BE6FFD658C
0.67224717322052,0.04003329105939768,0.9920393410817548,291402,0.10903929585508983,1.0,S1,W29U_1286685795C121BE6FFD658C
0.0,0.0,0.9764741666711577,291402,0.1312165120171877,0.0,S1,W29U_1EDF61048BA683FEF104C62A
0.33189725612327736,0.011380939312004346,0.9878551059831621,291402,0.08766611172028416,0.25,S1,W29U_1EDF61048BA683FEF104C62A
0.5147882382026214,0.01785228673193595,0.9943264534030937,291402,0.06366779497225175,0.5,S1,W29U_1EDF61048BA683FEF104C62A
0.4958589150087969,0.01996692655241139,0.9964410932235691,291402,0.06615163473661038,0.75,S1,W29U_1EDF61048BA683FEF104C62A
0.3260411120967438,0.018384834638941916,0.9948590013100996,291402,0.08843453451332203,1.0,S1,W29U_1EDF61048BA683FEF104C62A
0.0,0.0,0.9458213951226647,291402,0.44812985071679534,0.0,S1,W29U_D215F181D8F005BABBB41D37
-0.10488001789938216,-0.004163817946968074,0.9416575771756966,291402,0.49512971748132517,0.25,S1,W29U_D215F181D8F005BABBB41D37
-0.1915558265899928,-0.016434789489077506,0.9293866056335872,291402,0.5339717346906927,0.5,S1,W29U_D215F181D8F005BABBB41D37
-0.2639164250233841,-0.034586507664316146,0.9112348874583486,291402,0.5663986788644987,0.75,S1,W29U_D215F181D8F005BABBB41D37
-0.34852285965344915,-0.2671488567978474,0.6786725383248173,291402,0.6043133477850346,1.0,S1,W29U_D215F181D8F005BABBB41D37
0.0,0.0,0.5086286310415127,291402,0.7576261509851271,0.0,S1,W29U_339AD37DFA36D01C73FDFF3C
0.1539219196503991,0.08451246038801385,0.5931410914295265,291402,0.6410108794479993,0.25,S1,W29U_339AD37DFA36D01C73FDFF3C
0.2216043234486008,0.1196160616424301,0.6282446926839428,291402,0.5897329203688789,0.5,S1,W29U_339AD37DFA36D01C73FDFF3C
0.016253295403766094,0.2543964855675448,0.7630251166090575,291402,0.7453122293475313,0.75,S1,W29U_339AD37DFA36D01C73FDFF3C
0.3084533472079366,0.3421193068455204,0.8507479378870331,291402,0.5239338287811907,1.0,S1,W29U_339AD37DFA36D01C73FDFF3C
0.0,0.0,0.9153978769991857,291402,0.42182530533347773,0.0,S1,W29U_6E065B84AB4956262BB4BD6F
0.13224464941118882,0.024347311376532343,0.9397451883757181,291402,0.36604116571675205,0.25,S1,W29U_6E065B84AB4956262BB4BD6F
0.2760834505011766,0.04507785682075249,0.9604757338199382,291402,0.30536631952802273,0.5,S1,W29U_6E065B84AB4956262BB4BD6F
0.4270906281118572,0.06035944875374755,0.9757573257529333,291402,0.2416676707246997,0.75,S1,W29U_6E065B84AB4956262BB4BD6F
0.5891196674175764,0.07151679457021842,0.9869146715694042,291402,0.17331972174651264,1.0,S1,W29U_6E065B84AB4956262BB4BD6F
0.0,0.0,0.7007254744289744,291402,0.6019605436897836,0.0,S1,W29U_927D329B3C584BE046A0AFEA
0.19632108825650132,0.09496647755366672,0.7956919519826411,291402,0.48378299466493374,0.25,S1,W29U_927D329B3C584BE046A0AFEA
0.363668383568815,0.17103833532569712,0.8717638097546715,291402,0.3830465257935513,0.5,S1,W29U_927D329B3C584BE046A0AFEA
0.4743756906737496,0.2276107390569586,0.928336213485933,291402,0.3164050950181223,0.75,S1,W29U_927D329B3C584BE046A0AFEA
0.5069339908975777,0.2289962988065296,0.929721773235504,291402,0.29680628291373895,1.0,S1,W29U_927D329B3C584BE046A0AFEA
0.0,0.0,0.7478077001801308,291402,0.5763546456446479,0.0,S1,W29U_B497E36FB07F5FA1D12D6681
0.23923839387512985,0.08627552300068775,0.8340832231808185,291402,0.4384684859179135,0.25,S1,W29U_B497E36FB07F5FA1D12D6681
0.4309850064267241,0.14483007938240589,0.8926377795625366,291402,0.32795443498698607,0.5,S1,W29U_B497E36FB07F5FA1D12D6681
0.5219296780507501,0.17978901639652445,0.9275967165766552,291402,0.27553805099976075,0.75,S1,W29U_B497E36FB07F5FA1D12D6681
0.5119683867438312,0.17291225293189394,0.9207199531120247,291402,0.28127928752113307,1.0,S1,W29U_B497E36FB07F5FA1D12D6681
0.0,0.0,0.5359392862350932,291402,0.8398436867349818,0.0,S1,W29U_C262155F67E1F514B8FA68C7
0.16452553895004987,0.08813634578663632,0.6240756320217296,291402,0.7016679515409475,0.25,S1,W29U_C262155F67E1F514B8FA68C7
0.35000130686931147,0.10389804239171285,0.6398373286268061,291402,0.5458972988114476,0.5,S1,W29U_C262155F67E1F514B8FA68C7
0.3080333024396754,0.2113668467365596,0.7473061329716528,291402,0.5811438623765851,0.75,S1,W29U_C262155F67E1F514B8FA68C7
0.08663230473163223,0.29256824213570787,0.8285075283708011,291402,0.7670860925387327,1.0,S1,W29U_C262155F67E1F514B8FA68C7
0.0,0.0,0.5493453860335585,291402,0.8377190628529213,0.0,S1,W29U_C9C26419E0818E40CBA4D6F3
-0.004495284964413445,0.021246611295725693,0.5705919973292842,291402,0.8414848487605711,0.25,S1,W29U_C9C26419E0818E40CBA4D6F3
0.05406615493014924,0.05018503045860212,0.5995304164921607,291402,0.7924268142127218,0.5,S1,W29U_C9C26419E0818E40CBA4D6F3
0.10982516286001372,0.09857054909446572,0.6479159351280243,291402,0.7457164303440513,0.75,S1,W29U_C9C26419E0818E40CBA4D6F3
0.14525872903950293,0.1682122563993439,0.7175576424329024,291402,0.7160330564905972,1.0,S1,W29U_C9C26419E0818E40CBA4D6F3
0.0,0.0,0.5426090340000332,291402,0.7336608258013477,0.0,S1,W29U_C37CB46A6C677AD0D2838FA4
0.07685943748128904,0.03413455477205429,0.5767435887720875,291402,0.6772720674281213,0.25,S1,W29U_C37CB46A6C677AD0D2838FA4
0.16166706808261014,0.09403265372610181,0.636641687726135,291402,0.6150520311268156,0.5,S1,W29U_C37CB46A6C677AD0D2838FA4
0.3014830138285675,0.1648170877291859,0.7074261217292191,291402,0.5124745489105003,0.75,S1,W29U_C37CB46A6C677AD0D2838FA4
0.5620460986189311,0.42245213407832727,0.9650611680783605,291402,0.321309620949595,1.0,S1,W29U_C37CB46A6C677AD0D2838FA4
0.0,0.0,0.5521636171436733,291402,0.789658935190997,0.0,S1,W29U_03C728A071DA819C6F3B21E4
-0.02571139337631499,0.0198993209782502,0.5720629381219235,291402,0.8099621667068404,0.25,S1,W29U_03C728A071DA819C6F3B21E4
-0.024956222479780896,0.04541994858536835,0.5975835657290417,291402,0.8093658392607953,0.5,S1,W29U_03C728A071DA819C6F3B21E4
0.022241632692345484,0.07978579025213473,0.6319494073958081,291402,0.7720956312022279,0.75,S1,W29U_03C728A071DA819C6F3B21E4
0.08704764124529905,0.1304175004811654,0.6825811176248388,291402,0.7209209874942591,1.0,S1,W29U_03C728A071DA819C6F3B21E4
0.0,0.0,0.5741357007273484,291402,0.7707736142158078,0.0,S1,W29U_C93146E96852E40F0233C116
0.18596872936987546,0.03898188408746095,0.6131175848148094,291402,0.6274338245480815,0.25,S1,W29U_C93146E96852E40F0233C116
0.24258423433478085,0.08117856032323911,0.6553142610505875,291402,0.5837960871655717,0.5,S1,W29U_C93146E96852E40F0233C116
-0.02187469246600072,0.22580228266950897,0.7999379833968574,291402,0.7876340499877084,0.75,S1,W29U_C93146E96852E40F0233C116
0.2509031869884874,0.27297343136492436,0.8471091320922728,291402,0.5773840579621758,1.0,S1,W29U_C93146E96852E40F0233C116
0.0,0.0,0.9377176517743419,291402,0.522281176024214,0.0,S1,W29U_3F4110C5508739D0A0562757
-0.05071700646455824,-0.0034192202016730677,0.9342984315726688,291402,0.5487697138050018,0.25,S1,W29U_3F4110C5508739D0A0562757
-0.08303288095299045,-0.010489612003674709,0.9272280397706671,291402,0.5656476867371034,0.5,S1,W29U_3F4110C5508739D0A0562757
-0.10854478393206017,-0.028723185765433645,0.9089944660089082,291402,0.5789720734276531,0.75,S1,W29U_3F4110C5508739D0A0562757
-0.14452838103050328,-0.21664702130991675,0.7210706304644251,291402,0.5977656288378455,1.0,S1,W29U_3F4110C5508739D0A0562757
0.0,0.0,0.949742227203156,291402,0.2978672043426154,0.0,S1,W29U_5225D08BCA1DB372E74B864E
0.1912745546822954,0.012054075354838822,0.9617963025579949,291402,0.24089278747733006,0.25,S1,W29U_5225D08BCA1DB372E74B864E
0.3294327308433559,0.020162029931783176,0.9699042571349392,291402,0.19973999778702226,0.5,S1,W29U_5225D08BCA1DB372E74B864E
0.44200608860831264,0.028672186322503013,0.978414413525659,291402,0.16620808642600096,0.75,S1,W29U_5225D08BCA1DB372E74B864E
0.5986691732279368,0.03956270843557452,0.9893049356387306,291402,0.11954329138650627,1.0,S1,W29U_5225D08BCA1DB372E74B864E
0.0,0.0,0.5725681268579026,291402,0.7539233356050651,0.0,S1,W29U_3B1DE5598F0CCCE7F61AFBE1
0.011529856886302758,0.02538846176838061,0.5979565886262832,291402,0.7452307074422831,0.25,S1,W29U_3B1DE5598F0CCCE7F61AFBE1
0.010071742459589092,0.05124008829710813,0.6238082151550107,291402,0.7463300139345664,0.5,S1,W29U_3B1DE5598F0CCCE7F61AFBE1
0.03166019945804876,0.08001970510730827,0.6525878319652109,291402,0.7300539724236996,0.75,S1,W29U_3B1DE5598F0CCCE7F61AFBE1
0.10976967727217024,0.11500189017198803,0.6875700170298906,291402,0.6711654143676292,1.0,S1,W29U_3B1DE5598F0CCCE7F61AFBE1
0.0,0.0,0.9452601866851832,291402,0.25991023094348836,0.0,S1,W29U_E8621BBB9863314435A966E1
0.15438240598402125,0.022873953236793088,0.9681341399219763,291402,0.21978466415041564,0.25,S1,W29U_E8621BBB9863314435A966E1
0.5090572937754869,0.04402902663167918,0.9892892133168624,291402,0.1276010321543253,0.5,S1,W29U_E8621BBB9863314435A966E1
0.5362552832453847,0.041761337873277404,0.9870215245584606,291402,0.1205319964299784,0.75,S1,W29U_E8621BBB9863314435A966E1
-0.32174582224317305,-0.1294801308582617,0.8157800558269215,291402,0.34353526190813577,1.0,S1,W29U_E8621BBB9863314435A966E1
0.0,0.0,0.5768248345346724,291402,0.7408971468529375,0.0,S1,W29U_0BDB0E4B75075FE966B69FDA
0.016050307947783074,0.023935546144867814,0.6007603806795402,291402,0.729005519488298,0.25,S1,W29U_0BDB0E4B75075FE966B69FDA
0.019664489078645556,0.0478461412105321,0.6246709757452045,291402,0.7263277830002286,0.5,S1,W29U_0BDB0E4B75075FE966B69FDA
0.028569968847049175,0.07517154712587548,0.6519963816605479,291402,0.7197297384484529,0.75,S1,W29U_0BDB0E4B75075FE966B69FDA
0.08515054215617356,0.10659353589692377,0.6834183704315961,291402,0.6778093531163626,1.0,S1,W29U_0BDB0E4B75075FE966B69FDA
0.0,0.0,0.5571634960211567,291402,0.7838895014543126,0.0,S1,W29U_099BE3736653346E3715B34A
-0.029779193530159127,0.02232609098243865,0.5794895870035953,291402,0.8072330986244103,0.25,S1,W29U_099BE3736653346E3715B34A
-0.020074592107444677,0.05044002899498523,0.6076035250161419,291402,0.7996257634533361,0.5,S1,W29U_099BE3736653346E3715B34A
0.036453609927907124,0.08836264738445032,0.645526143405607,291402,0.755313899341679,0.75,S1,W29U_099BE3736653346E3715B34A
0.122989011865455,0.13746440909790303,0.6946279051190597,291402,0.6874797062586195,1.0,S1,W29U_099BE3736653346E3715B34A
0.0,0.0,0.9770630580048246,291402,0.19692190077241578,0.0,S1,W29U_32F562E65836D385C8CB4933
0.04059800686012675,0.004936582217364371,0.981999640222189,291402,0.18892726409390745,0.25,S1,W29U_32F562E65836D385C8CB4933
-0.05142705037037717,0.005813883739305581,0.9828769417441302,291402,0.20704901328252065,0.5,S1,W29U_32F562E65836D385C8CB4933
-0.2653053581593188,0.0025649048671465557,0.9796279628719712,291402,0.2491663361865207,0.75,S1,W29U_32F562E65836D385C8CB4933
-0.5575110682617631,-0.005626657129516266,0.9714364008753084,291402,0.30670804003673974,1.0,S1,W29U_32F562E65836D385C8CB4933
0.0,0.0,0.9302562100606987,291402,0.32421883136827767,0.0,S1,W29U_BFAD2644EFC4F67B5A47D53E
0.1306599500494591,0.009931064832675585,0.9401872748933743,291402,0.28185641505647385,0.25,S1,W29U_BFAD2644EFC4F67B5A47D53E
0.24111483935901146,0.019826697237681712,0.9500829072983804,291402,0.24604485992550787,0.5,S1,W29U_BFAD2644EFC4F67B5A47D53E
0.36017608629066217,0.033999254620130426,0.9642554646808291,291402,0.20744296158395908,0.75,S1,W29U_BFAD2644EFC4F67B5A47D53E
0.5187007855284759,0.05158410329763852,0.9818403133583372,291402,0.1560462688539089,1.0,S1,W29U_BFAD2644EFC4F67B5A47D53E
0.0,0.0,0.950703201054194,291402,0.3555813853244164,0.0,S1,W29U_06C75BD11D18D5EDD00EABD8
0.18824757866557623,0.017006739108592517,0.9677099401627866,291402,0.2886440505183555,0.25,S1,W29U_06C75BD11D18D5EDD00EABD8
0.3845394756451402,0.028704114286243976,0.979407315340438,291402,0.21884630586220824,0.5,S1,W29U_06C75BD11D18D5EDD00EABD8
0.5776307176060893,0.03698165010869403,0.9876848511628881,291402,0.15018665455152877,0.75,S1,W29U_06C75BD11D18D5EDD00EABD8
0.7562144141284832,0.044119002043521593,0.9948222030977156,291402,0.08668561634556221,1.0,S1,W29U_06C75BD11D18D5EDD00EABD8
0.0,0.0,0.8532997420806071,291402,1.1025985579380886,0.0,S2,W29U_326073E5F43273FC845408A0
0.07976956065139283,0.018434007349177772,0.8717337494297849,291402,1.0146447553964282,0.25,S2,W29U_326073E5F43273FC845408A0
0.26275123294266745,0.0432266100876918,0.8965263521682989,291402,0.8128894273987859,0.5,S2,W29U_326073E5F43273FC845408A0
0.17879775535661074,0.06853759123535796,0.9218373333159651,291402,0.9054564107191436,0.75,S2,W29U_326073E5F43273FC845408A0
0.07881705080453721,0.08609125814427976,0.9393910002248869,291402,1.015694991379994,1.0,S2,W29U_326073E5F43273FC845408A0
0.0,0.0,0.9536753226749513,291402,0.7944631404303639,0.0,S2,W29U_76811E4D88E5C2FA3ACD9DD3
-0.6488460425461691,0.013332847922750357,0.9670081705977016,291402,1.3099474050480557,0.25,S2,W29U_76811E4D88E5C2FA3ACD9DD3
-0.9399334175950917,0.019593524486091862,0.9732688471610431,291402,1.541205595169345,0.5,S2,W29U_76811E4D88E5C2FA3ACD9DD3
-0.09405251775221737,0.02443970407693541,0.9781150267518867,291402,0.8691843990492671,0.75,S2,W29U_76811E4D88E5C2FA3ACD9DD3
0.8065408189811375,0.03922251320969539,0.9928978358846466,291402,0.1536961884965252,1.0,S2,W29U_76811E4D88E5C2FA3ACD9DD3
0.0,0.0,0.9025302055567903,291402,1.107069552395433,0.0,S2,W29U_7091BA5B54BA708C00866B17
0.05480185021386537,0.011749203723146473,0.9142794092799368,291402,1.0464000926086727,0.25,S2,W29U_7091BA5B54BA708C00866B17
0.14152941220811996,0.02779841773318037,0.9303286232899707,291402,0.9503866493712594,0.5,S2,W29U_7091BA5B54BA708C00866B17
0.1468670599703787,0.050203397854327814,0.9527336034111181,291402,0.9444775020522458,0.75,S2,W29U_7091BA5B54BA708C00866B17
0.08854271964842253,0.06015361970195521,0.9626838252587455,291402,1.009046603386291,1.0,S2,W29U_7091BA5B54BA708C00866B17
0.0,0.0,0.7501285520596999,291402,1.2120404521977546,0.0,S2,W29U_F7AB4F136A77970A34D1A43F
0.007691132961743694,0.06352232902743538,0.8136508810871352,291402,1.202718487924882,0.25,S2,W29U_F7AB4F136A77970A34D1A43F
-0.004650804408937713,0.1277023734171221,0.877830925476822,291402,1.2176774152766514,0.5,S2,W29U_F7AB4F136A77970A34D1A43F
0.024591225075308358,0.1507829068008133,0.9009114588605132,291402,1.1822348926373565,0.75,S2,W29U_F7AB4F136A77970A34D1A43F
-0.015967829685480214,0.20267594123630495,0.9528044932960048,291402,1.2313941077103767,1.0,S2,W29U_F7AB4F136A77970A34D1A43F
0.0,0.0,0.6642817570094178,291402,0.9556497102641993,0.0,S2,W29U_8E712C01124CEB485ECD2748
-0.21125697867342857,0.11446549278942253,0.7787472497988404,291402,1.1575373807249627,0.25,S2,W29U_8E712C01124CEB485ECD2748
0.6035977435111335,0.23109880243022252,0.8953805594396403,291402,0.3788217015610565,0.5,S2,W29U_8E712C01124CEB485ECD2748
0.8148280074012181,0.30515057664595224,0.9694323336553701,291402,0.17695956107525554,0.75,S2,W29U_8E712C01124CEB485ECD2748
0.8694201175264298,0.3234898484236278,0.9877716054330457,291402,0.12478862685133119,1.0,S2,W29U_8E712C01124CEB485ECD2748
0.0,0.0,0.9688984830034169,291402,1.4132609619510064,0.0,S2,W29U_FA9D93D425F5C70A742F5E9C
0.02828748606904587,0.006932542360191918,0.9758310253636088,291402,1.3732833621778626,0.25,S2,W29U_FA9D93D425F5C70A742F5E9C
0.5545438166101553,-0.0009082414841847797,0.9679902415192321,291402,0.6295458342440012,0.5,S2,W29U_FA9D93D425F5C70A742F5E9C
0.8891833062723752,0.02928343266492217,0.998181915668339,291402,0.15661290717684387,0.75,S2,W29U_FA9D93D425F5C70A742F5E9C
0.4585607048566711,0.02638770009752167,0.9952861831009385,291402,0.7651950190918773,1.0,S2,W29U_FA9D93D425F5C70A742F5E9C
0.0,0.0,0.48360534847625614,291402,1.4355379298048718,0.0,S2,W29U_A95DCDBC237EC90DA99443C6
-0.06620861077633355,-0.330980899604696,0.15262444887156015,291402,1.5305829018540524,0.25,S2,W29U_A95DCDBC237EC90DA99443C6
0.06143551922217811,0.43425590674624115,0.9178612552224973,291402,1.3473449117241174,0.5,S2,W29U_A95DCDBC237EC90DA99443C6
0.1255759723386774,-0.1981687900775912,0.28543655839866494,291402,1.2552688584404474,0.75,S2,W29U_A95DCDBC237EC90DA99443C6
0.8119925469700345,0.47463175898568344,0.9582371074619396,291402,0.26989182990971133,1.0,S2,W29U_A95DCDBC237EC90DA99443C6
0.0,0.0,0.9636802014422038,291402,0.7485146735566035,0.0,S2,W29U_75056D080DB9B6E897E24389
-0.10146386815414969,0.0058204801787994365,0.9695006816210032,291402,0.8244618677058986,0.25,S2,W29U_75056D080DB9B6E897E24389
-0.16474574176403445,0.010979798277454211,0.974659999719658,291402,0.871829278673115,0.5,S2,W29U_75056D080DB9B6E897E24389
-0.16002914011947378,0.015508970893021168,0.979189172335225,291402,0.8682988331328354,0.75,S2,W29U_75056D080DB9B6E897E24389
-0.0795035129600633,0.01914716028015273,0.9828273617223565,291402,0.808024219606588,1.0,S2,W29U_75056D080DB9B6E897E24389
0.0,0.0,0.9457075158899547,291402,0.795777369701655,0.0,S2,W29U_5D3E6C4B86EA4699F1BA5BC9
0.667468786289598,0.02985987060919615,0.9755673864991509,291402,0.26462081458949516,0.25,S2,W29U_5D3E6C4B86EA4699F1BA5BC9
0.8144469812456083,0.04133121547538121,0.9870387313653359,291402,0.1476588932037573,0.5,S2,W29U_5D3E6C4B86EA4699F1BA5BC9
0.8849201194041094,0.048021516139902465,0.9937290320298572,291402,0.09157796468529343,0.75,S2,W29U_5D3E6C4B86EA4699F1BA5BC9
0.8873704242452598,0.0495470185717507,0.9952545344617054,291402,0.08962806754383308,1.0,S2,W29U_5D3E6C4B86EA4699F1BA5BC9
0.0,0.0,0.8716350204655369,291402,1.4622436642802097,0.0,S2,W29U_F0BEB3AB1E28EE7E91693942
-0.00938178628040834,0.04195983388669999,0.9135948543522369,291402,1.4759621218283772,0.25,S2,W29U_F0BEB3AB1E28EE7E91693942
0.6984112591463159,0.0828696971727736,0.9545047176383105,291402,0.4409962255308474,0.5,S2,W29U_F0BEB3AB1E28EE7E91693942
0.9106161811215727,0.11590842999620621,0.9875434504617431,291402,0.1307009228432395,0.75,S2,W29U_F0BEB3AB1E28EE7E91693942
0.9404675715603343,0.12278690962915151,0.9944219300946884,291402,0.08705091630417543,1.0,S2,W29U_F0BEB3AB1E28EE7E91693942
0.0,0.0,0.9698643624334067,291402,1.0044515996606238,0.0,S2,W29U_5D7544863F07E544752F14A3
0.12601319379704543,0.005937241540935667,0.9758016039743423,291402,0.8778774455727113,0.25,S2,W29U_5D7544863F07E544752F14A3
0.31021960675703397,0.013935512183615995,0.9837998746170227,291402,0.6928510194071211,0.5,S2,W29U_5D7544863F07E544752F14A3
0.5426512027166679,0.018792323874347372,0.988656686307754,291402,0.45938473103356253,0.75,S2,W29U_5D7544863F07E544752F14A3
0.7669799458308422,0.022289437324405026,0.9921537997578117,291402,0.23405736616244882,1.0,S2,W29U_5D7544863F07E544752F14A3
0.0,0.0,0.6356510548573722,291402,1.1654800166119206,0.0,S2,W29U_894380770DDE02AAD0312DF3
0.5343208494405277,0.1533657275229684,0.7890167823803406,291402,0.5427397441293444,0.25,S2,W29U_894380770DDE02AAD0312DF3
0.6161405867982472,0.25247979179209923,0.8881308466494714,291402,0.4473804752744047,0.5,S2,W29U_894380770DDE02AAD0312DF3
0.7716636628162341,0.32120722691577785,0.95685828177315,291402,0.2661214380532688,0.75,S2,W29U_894380770DDE02AAD0312DF3
0.8960229061218339,0.3496787600054452,0.9853298148628173,291402,0.12118322509948823,1.0,S2,W29U_894380770DDE02AAD0312DF3
0.0,0.0,0.9784086082798518,291402,0.7052793837861556,0.0,S2,W29U_B580C1E61BF9DD2D208CAADD
-0.7978217874299713,0.0061057019460249995,0.9845143102258768,291402,1.2679666423967328,0.25,S2,W29U_B580C1E61BF9DD2D208CAADD
-0.9876128128191111,0.009950894737263627,0.9883595030171154,291402,1.4018223398315177,0.5,S2,W29U_B580C1E61BF9DD2D208CAADD
-0.05297076161631478,0.011837252335944237,0.990245860615796,291402,0.7426385698976464,0.75,S2,W29U_B580C1E61BF9DD2D208CAADD
0.9510012349455027,0.021172662014285804,0.9995812702941376,291402,0.034557818822967545,1.0,S2,W29U_B580C1E61BF9DD2D208CAADD
0.0,0.0,0.8006544324656467,291402,1.0043116175488314,0.0,S2,W29U_2341959B2E16642BC6F095EA
-0.06672721948650553,0.009869350095876639,0.8105237825615234,291402,1.0713265392859264,0.25,S2,W29U_2341959B2E16642BC6F095EA
-0.1298498649178445,0.021448114066456525,0.8221025465321032,291402,1.1347213454230989,0.5,S2,W29U_2341959B2E16642BC6F095EA
-0.060361445005390806,0.038070160863451497,0.8387245933290982,291402,1.0649333180198406,0.75,S2,W29U_2341959B2E16642BC6F095EA
0.09933090114647128,0.08213448642765897,0.8827889188933057,291402,0.9045524395457364,1.0,S2,W29U_2341959B2E16642BC6F095EA
0.0,0.0,0.5719870280541117,291402,1.3601572824039285,0.0,S2,W29U_892DA025ACDFF84933321F20
-0.028114091647307174,0.18171542070811986,0.7537024487622316,291402,1.398396868896213,0.25,S2,W29U_892DA025ACDFF84933321F20
-0.022968967522712446,0.34374859501578503,0.9157356230698968,291402,1.3913986908492681,0.5,S2,W29U_892DA025ACDFF84933321F20
-0.05486818858754652,-0.5409660882167494,0.031020939837362357,291402,1.434786648683647,0.75,S2,W29U_892DA025ACDFF84933321F20
0.7378069374799884,0.39948553263746456,0.9714725606915763,291402,0.35662380338164457,1.0,S2,W29U_892DA025ACDFF84933321F20
0.0,0.0,0.8843912386693872,291402,1.5737471147297626,0.0,S2,W29U_73065A553DFE906571964300
0.23454348577877895,0.04979286914007697,0.9341841078094641,291402,1.2046349807065135,0.25,S2,W29U_73065A553DFE906571964300
0.7797856678159967,0.08992519005176736,0.9743164287211545,291402,0.34656166989593673,0.5,S2,W29U_73065A553DFE906571964300
0.9671286685927166,0.11356064514637287,0.99795188381576,291402,0.05173116295857087,0.75,S2,W29U_73065A553DFE906571964300
0.9316844276743904,0.10858120951393735,0.9929724481833245,291402,0.1075114348376088,1.0,S2,W29U_73065A553DFE906571964300
0.0,0.0,0.6713867707436513,291402,0.9710039626443616,0.0,S2,W29U_C60ABF0DB56F7FBB9895074C
-0.01779862021346031,0.06017365690976795,0.7315604276534192,291402,0.9882864934012514,0.25,S2,W29U_C60ABF0DB56F7FBB9895074C
0.5896342108903372,0.1637040081406419,0.8350907788842932,291402,0.3984668073585734,0.5,S2,W29U_C60ABF0DB56F7FBB9895074C
0.6763073864121245,0.2341360137648798,0.9055227845085311,291402,0.3143068104718609,0.75,S2,W29U_C60ABF0DB56F7FBB9895074C
0.7688693819588936,0.28077344172797436,0.9521602124716256,291402,0.22442874600558585,1.0,S2,W29U_C60ABF0DB56F7FBB9895074C
0.0,0.0,0.6649705277223296,291402,1.6428977086516137,0.0,S2,W29U_3DF0E7AAB226AAD308C16CE9
0.4633495790700221,0.12605703411917868,0.7910275618415082,291402,0.8816617468923212,0.25,S2,W29U_3DF0E7AAB226AAD308C16CE9
0.5825616194445391,0.2216225245858361,0.8865930523081657,291402,0.6858085589172245,0.5,S2,W29U_3DF0E7AAB226AAD308C16CE9
-0.14393044046646267,0.24974672329465886,0.9147172510169884,291402,1.8793606994993266,0.75,S2,W29U_3DF0E7AAB226AAD308C16CE9
0.7693280718794303,0.2536149857412875,0.918585513463617,291402,0.3789703821587642,1.0,S2,W29U_3DF0E7AAB226AAD308C16CE9
0.0,0.0,0.9699816487831296,291402,1.1011890380090108,0.0,S2,W29U_BFB40E437B015FF1CAF06607
0.0523669160195195,0.001959952704366219,0.9719416014874959,291402,1.043523164133925,0.25,S2,W29U_BFB40E437B015FF1CAF06607
0.13659125304108954,0.002125649329415946,0.9721072981125456,291402,0.9507762474721114,0.5,S2,W29U_BFB40E437B015FF1CAF06607
0.26975796946467767,0.006684484927867329,0.976666133710997,291402,0.8041345191186685,0.75,S2,W29U_BFB40E437B015FF1CAF06607
0.4577911669683727,0.02014978605750184,0.9901314348406315,291402,0.5970744232456282,1.0,S2,W29U_BFB40E437B015FF1CAF06607
0.0,0.0,0.6920625563572285,291402,1.4454067415846625,0.0,S2,W29U_CEE8A1F4EEDE37ED7EE387BD
0.09145570690921792,0.10972388076989459,0.801786437127123,291402,1.3132160462615965,0.25,S2,W29U_CEE8A1F4EEDE37ED7EE387BD
0.08845286922669764,0.2053744821325768,0.8974370384898053,291402,1.3175563680917988,0.5,S2,W29U_CEE8A1F4EEDE37ED7EE387BD
0.056274626761407216,0.2092295511879344,0.9012921075451629,291402,1.3640670166835076,0.75,S2,W29U_CEE8A1F4EEDE37ED7EE387BD
0.35204036615505213,0.2657095436843797,0.9577721000416082,291402,0.936565223033865,1.0,S2,W29U_CEE8A1F4EEDE37ED7EE387BD
0.0,0.0,0.9745385726322162,291402,1.1816762552534068,0.0,S2,W29U_FDC8D87187069F82ADEA16CB
-0.03867440405593007,0.008623227210902917,0.9831617998431191,291402,1.227376880212414,0.25,S2,W29U_FDC8D87187069F82ADEA16CB
0.028942798254080117,0.010089092665244381,0.9846276652974606,291402,1.1474752377959416,0.5,S2,W29U_FDC8D87187069F82ADEA16CB
0.6551465069192572,0.021485689886210135,0.9960242625184264,291402,0.4075051843140536,0.75,S2,W29U_FDC8D87187069F82ADEA16CB
0.8669358548660585,0.020951780564437472,0.9954903531966537,291402,0.15723874072950492,1.0,S2,W29U_FDC8D87187069F82ADEA16CB
0.0,0.0,0.966659081662185,291402,0.5622767569902571,0.0,S2,W29U_930765BC222C77ED6DA8FCF1
0.2677174759329854,0.00682162323187141,0.9734807048940564,291402,0.4117454428327732,0.25,S2,W29U_930765BC222C77ED6DA8FCF1
0.294250945716162,0.011903661521315612,0.9785627431835006,291402,0.3968262894913631,0.5,S2,W29U_930765BC222C77ED6DA8FCF1
0.17931083256014177,0.017184411038243308,0.9838434927004283,291402,0.4614544435649383,0.75,S2,W29U_930765BC222C77ED6DA8FCF1
0.09814220212211659,0.021868947520316095,0.988528029182501,291402,0.507093677857053,1.0,S2,W29U_930765BC222C77ED6DA8FCF1
0.0,0.0,0.6479237878913563,291402,1.3080462137152662,0.0,S2,W29U_8554CD43CD3B32615F3A644F
0.5957543297162966,0.13395890863505633,0.7818826965264126,291402,0.5287720184247924,0.25,S2,W29U_8554CD43CD3B32615F3A644F
0.6612050771149374,0.24113589363725874,0.889059681528615,291402,0.44315941610510046,0.5,S2,W29U_8554CD43CD3B32615F3A644F
0.7768272065506465,0.3066541931102432,0.9545779810015995,291402,0.2919203274749092,0.75,S2,W29U_8554CD43CD3B32615F3A644F
0.8911609443974071,0.33360234044891635,0.9815261283402726,291402,0.14236651458442565,1.0,S2,W29U_8554CD43CD3B32615F3A644F
0.0,0.0,0.7032702154717241,291402,1.3473287953320494,0.0,S2,W29U_3312DE18215FD10EB1066B20
0.40157223012390536,0.0922397454069992,0.7955099608787233,291402,0.8062789662800018,0.25,S2,W29U_3312DE18215FD10EB1066B20
0.18238503592851738,0.14741844812872862,0.8506886636004527,291402,1.1015961845877051,0.5,S2,W29U_3312DE18215FD10EB1066B20
0.5353054523606606,0.20173636781022153,0.9050065832819456,291402,0.6260963450677474,0.75,S2,W29U_3312DE18215FD10EB1066B20
-0.04086197367220188,0.23515844304692113,0.9384286585186452,291402,1.402383309094748,1.0,S2,W29U_3312DE18215FD10EB1066B20
0.0,0.0,0.9755854329790586,291402,1.1372578532010549,0.0,S2,W29U_A2599D3295EC0563B06B9904
-0.2869844192092123,0.003911775699435793,0.9794972086784944,291402,1.4636331376933622,0.25,S2,W29U_A2599D3295EC0563B06B9904
-0.06811781974775104,0.004200983283867976,0.9797864162629266,291402,1.2147253786521868,0.5,S2,W29U_A2599D3295EC0563B06B9904
0.4399362785298041,0.0004703640131804576,0.9760557969922391,291402,0.6369368655345485,0.75,S2,W29U_A2599D3295EC0563B06B9904
0.7909001967719816,0.022531662373354133,0.9981170953524128,291402,0.23780039332306824,1.0,S2,W29U_A2599D3295EC0563B06B9904
0.0,0.0,0.9630950962730944,291402,1.233680284101604,0.0,S2,W29U_61CA805816309171BA652E24
-0.04864269156488641,0.007690430592764974,0.9707855268658594,291402,1.2936898136508883,0.25,S2,W29U_61CA805816309171BA652E24
0.03028339138868248,0.011210883640119684,0.9743059799132141,291402,1.1963202612096238,0.5,S2,W29U_61CA805816309171BA652E24
0.31111134220034403,0.015139748409053078,0.9782348446821475,291402,0.849868355068341,0.75,S2,W29U_61CA805816309171BA652E24
0.9039120231081296,0.033195089572702674,0.9962901858457971,291402,0.11854184262980715,1.0,S2,W29U_61CA805816309171BA652E24
0.0,0.0,0.9755850041686047,291402,0.9516807215332429,0.0,S2,W29U_4A949BC43B7EBA039FBCF755
-0.36655371098018935,0.006507866039212051,0.9820928702078168,291402,1.3005228216799238,0.25,S2,W29U_4A949BC43B7EBA039FBCF755
-0.38208443007634185,0.009187178666367313,0.984772182834972,291402,1.315303107635296,0.5,S2,W29U_4A949BC43B7EBA039FBCF755
0.19341344140386463,0.004879734702186944,0.9804647388707917,291402,0.767612878063592,0.75,S2,W29U_4A949BC43B7EBA039FBCF755
0.8983294507450894,0.02347156153079244,0.9990565656993972,291402,0.09675790167269614,1.0,S2,W29U_4A949BC43B7EBA039FBCF755
0.0,0.0,0.9783166526787711,291402,1.287283537419353,0.0,S2,W29U_BAEA92E0AF8EFDA4A5D1A272
0.5825738105734694,0.005903147335298509,0.9842198000140696,291402,0.5373458617358826,0.25,S2,W29U_BAEA92E0AF8EFDA4A5D1A272
0.26431098016136484,0.011712354425836402,0.9900290071046075,291402,0.9470403638981905,0.5,S2,W29U_BAEA92E0AF8EFDA4A5D1A272
0.22843848002948514,0.0169089491016583,0.9952256017804294,291402,0.9932184427640687,0.75,S2,W29U_BAEA92E0AF8EFDA4A5D1A272
0.7951452984240106,0.017348191588307915,0.995664844267079,291402,0.26370608490093017,1.0,S2,W29U_BAEA92E0AF8EFDA4A5D1A272
0.0,0.0,0.5908861049622165,291402,0.933445694998533,0.0,S2,W29U_7B66010E91B04E7D027A4DB1
-0.14886948799942634,0.013600864238960675,0.6044869692011772,291402,1.0724072776883822,0.25,S2,W29U_7B66010E91B04E7D027A4DB1
0.005889734352712578,0.0424429148725084,0.6333290198347249,291402,0.9279479478223026,0.5,S2,W29U_7B66010E91B04E7D027A4DB1
0.5676252008894472,0.24684003892955442,0.8377261438917709,291402,0.40359839485503346,0.75,S2,W29U_7B66010E91B04E7D027A4DB1
0.681916491443067,0.29834963912005696,0.8892357440822735,291402,0.29691368171181637,1.0,S2,W29U_7B66010E91B04E7D027A4DB1
0.0,0.0,0.8990098201597643,291402,1.3029494338118313,0.0,S2,W29U_C1EEFD3EC60839B7FC16C567
0.39315312444332234,0.03302398941231188,0.9320338095720762,291402,0.7906907929166588,0.25,S2,W29U_C1EEFD3EC60839B7FC16C567
-0.2530677828055574,0.07547133806997941,0.9744811582297437,291402,1.6326839581346009,0.5,S2,W29U_C1EEFD3EC60839B7FC16C567
0.6596502537882238,0.06944545323258844,0.9684552733923527,291402,0.44345850912397444,0.75,S2,W29U_C1EEFD3EC60839B7FC16C567
0.1784475210462792,0.06581751116568701,0.9648273313254513,291402,1.0704413372992785,1.0,S2,W29U_C1EEFD3EC60839B7FC16C567
0.0,0.0,0.7025248105776313,291402,1.5621651902932325,0.0,S2,W29U_845964ADB660A765D929E61B
0.3613757020536017,0.07757002868435592,0.7800948392619872,291402,0.9976366479269559,0.25,S2,W29U_845964ADB660A765D929E61B
0.44002918817495135,0.13014972943268988,0.8326745400103212,291402,0.874766909812893,0.5,S2,W29U_845964ADB660A765D929E61B
0.587921410418764,0.17978394988526658,0.8823087604628979,291402,0.6437348283083505,0.75,S2,W29U_845964ADB660A765D929E61B
0.10751105953320447,0.21662387101877012,0.9191486815964014,291402,1.3942151555188096,1.0,S2,W29U_845964ADB660A765D929E61B
0.0,0.0,0.8882154350818163,291402,0.7467141941618063,0.0,S2,W29U_35C707ACB41E5A2BB2C7F4F4
-1.0635269493674844,0.04337433038346361,0.9315897654652799,291402,1.540864863129175,0.25,S2,W29U_35C707ACB41E5A2BB2C7F4F4
-1.0320744655833682,0.07825587374168619,0.9664713088235025,291402,1.5173788470459,0.5,S2,W29U_35C707ACB41E5A2BB2C7F4F4
0.8181860042114029,0.10780926806474944,0.9960247031465658,291402,0.13576309135180226,0.75,S2,W29U_35C707ACB41E5A2BB2C7F4F4
0.8460840149990446,0.10466721729007644,0.9928826523718928,291402,0.11493125070776304,1.0,S2,W29U_35C707ACB41E5A2BB2C7F4F4
0.0,0.0,0.8873934467447353,291402,1.6274401845422628,0.0,S2,W29U_949CC7C8E67B372BAFDBC304
0.2042725272047208,0.0496735709988243,0.9370670177435596,291402,1.2949988651710933,0.25,S2,W29U_949CC7C8E67B372BAFDBC304
0.7866602311524737,0.08976291958497884,0.9771563663297141,291402,0.34719771278263506,0.5,S2,W29U_949CC7C8E67B372BAFDBC304
0.9673402172323087,0.11057054173543623,0.9979639884801715,291402,0.05315184289359447,0.75,S2,W29U_949CC7C8E67B372BAFDBC304
0.9085405175070456,0.0989409000514434,0.9863343467961787,291402,0.14884483706556512,1.0,S2,W29U_949CC7C8E67B372BAFDBC304
0.0,0.0,0.9794817667819483,291402,0.7785918423227748,0.0,S2,W29U_66B630D7911A20329B5E4CE5
-0.8635547525881786,0.0066096599002244405,0.9860914266821728,291402,1.4509485280878562,0.25,S2,W29U_66B630D7911A20329B5E4CE5
-0.4609960654640602,0.011900193919250346,0.9913819607011987,291402,1.1375196182364489,0.5,S2,W29U_66B630D7911A20329B5E4CE5
0.9253938611905916,0.01880802285826788,0.9982897896402162,291402,0.05808773106328061,0.75,S2,W29U_66B630D7911A20329B5E4CE5
-0.36582167469624216,0.00902234386219447,0.9885041106441428,291402,1.0634176139864906,1.0,S2,W29U_66B630D7911A20329B5E4CE5
0.0,0.0,0.9578301204065536,291402,1.4061154695119362,0.0,S2,W29U_4AB8314629FC2762CF312EFA
0.06545507936717936,0.009957090386056855,0.9677872107926104,291402,1.3140780698555483,0.25,S2,W29U_4AB8314629FC2762CF312EFA
0.7853288014218858,0.0325258895110625,0.9903560099176161,291402,0.3018524931785698,0.5,S2,W29U_4AB8314629FC2762CF312EFA
0.9676425787217032,0.04083821275365396,0.9986683331602075,291402,0.045498270611959976,0.75,S2,W29U_4AB8314629FC2762CF312EFA
0.9177590686502944,0.03473599911231762,0.9925661195188712,291402,0.11564024579697231,1.0,S2,W29U_4AB8314629FC2762CF312EFA
0.0,0.0,0.8694532177202938,291402,1.212692440096003,0.0,S2,W29U_350A2A50D509582EE77C5BC2
0.007052302826923199,0.00420439862980726,0.8736576163501011,291402,1.2041401657725186,0.25,S2,W29U_350A2A50D509582EE77C5BC2
0.003998008947610212,0.007911991089172177,0.877365208809466,291402,1.207844084869796,0.5,S2,W29U_350A2A50D509582EE77C5BC2
0.024869669620318877,0.05640953024375395,0.9258627479640478,291402,1.1825331797597323,0.75,S2,W29U_350A2A50D509582EE77C5BC2
0.028605930323931772,0.07513179515018087,0.9445850128704747,291402,1.1780022446502294,1.0,S2,W29U_350A2A50D509582EE77C5BC2
0.0,0.0,0.8407275617633981,291402,0.9150394287491105,0.0,S2,W29U_900AA2BEA87870498EC902FB
0.16102126353930607,0.02359852015346553,0.8643260819168637,291402,0.7676986237434829,0.25,S2,W29U_900AA2BEA87870498EC902FB
-0.03123085184980969,0.04197852685552528,0.8827060886189234,291402,0.9436168895851397,0.5,S2,W29U_900AA2BEA87870498EC902FB
-0.15357652998030888,0.05822708049800829,0.8989546422614064,291402,1.0555680090117165,0.75,S2,W29U_900AA2BEA87870498EC902FB
0.1273676249067915,0.07830266193804725,0.9190302237014454,291402,0.7984930300131416,1.0,S2,W29U_900AA2BEA87870498EC902FB
0.0,0.0,0.9043799827284902,291402,1.0831023655233147,0.0,S2,W29U_A28F88AE9DF49C367E44FAD1
0.04145225624192192,0.010944773211096881,0.9153247559395871,291402,1.038205328731369,0.25,S2,W29U_A28F88AE9DF49C367E44FAD1
0.17855831274812103,0.023796035014924777,0.928176017743415,291402,0.8897054346017944,0.5,S2,W29U_A28F88AE9DF49C367E44FAD1
0.21877281269753082,0.04505450634222985,0.94943448907072,291402,0.8461490145782112,0.75,S2,W29U_A28F88AE9DF49C367E44FAD1
0.13750265050229607,0.05418808309717582,0.958568065825666,291402,0.9341729194984147,1.0,S2,W29U_A28F88AE9DF49C367E44FAD1
0.0,0.0,0.9492071773946305,291402,0.7896548597773698,0.0,S2,W29U_5D9D815DFF68050432EF99CA
0.7369482954910382,0.03590714809989071,0.9851143254945212,291402,0.2077200568374854,0.25,S2,W29U_5D9D815DFF68050432EF99CA
0.88974687213417,0.046585756062539896,0.9957929334571703,291402,0.08706191822401864,0.5,S2,W29U_5D9D815DFF68050432EF99CA
0.9564472672820716,0.04995577554926811,0.9991629529438986,291402,0.034391627046340585,0.75,S2,W29U_5D9D815DFF68050432EF99CA
0.9176461739469308,0.04754580485299276,0.9967529822476232,291402,0.06503109896314863,1.0,S2,W29U_5D9D815DFF68050432EF99CA
0.0,0.0,0.9716678188444907,291402,1.3452588103364826,0.0,S2,W29U_5CE02771C093B1300C2D102D
-0.10471086162807121,-0.01584555609741567,0.955822262747075,291402,1.4861220194796745,0.25,S2,W29U_5CE02771C093B1300C2D102D
0.4233464306547701,0.020348726958516083,0.9920165458030068,291402,0.7757482946732269,0.5,S2,W29U_5CE02771C093B1300C2D102D
0.9088122375864718,0.02690129079664927,0.99856910964114,291402,0.12267114078075998,0.75,S2,W29U_5CE02771C093B1300C2D102D
0.9649246172784429,0.0279085987767983,0.999576417621289,291402,0.04718546763113354,1.0,S2,W29U_5CE02771C093B1300C2D102D
0.0,0.0,0.9237251235865807,291402,1.1693281895222218,0.0,S2,W29U_08B2456A07EE4238C5B02531
-0.00853515245702103,0.027069342108733352,0.950794465695314,291402,1.179308583892095,0.25,S2,W29U_08B2456A07EE4238C5B02531
0.3220741217745095,0.05185981179427057,0.9755849353808512,291402,0.7927178398153529,0.5,S2,W29U_08B2456A07EE4238C5B02531
-0.33028702292072953,0.060275415744690086,0.9840005393312707,291402,1.5555421160571334,0.75,S2,W29U_08B2456A07EE4238C5B02531
0.5857582952823566,0.0652122595442085,0.9889373831307892,291402,0.48438450260149507,1.0,S2,W29U_08B2456A07EE4238C5B02531
0.0,0.0,0.944246510631419,291402,0.9694990596257979,0.0,S2,W29U_DEE413EAB57AC5251CC94C3E
0.010602192056667818,0.015263975914018069,0.959510486545437,291402,0.9592202443968757,0.25,S2,W29U_DEE413EAB57AC5251CC94C3E
-0.029825748649202403,0.027791233522852843,0.9720377441542718,291402,0.9984150948938648,0.5,S2,W29U_DEE413EAB57AC5251CC94C3E
-0.06502254744015547,0.03811798432141966,0.9823644949528386,291402,1.0325383582235674,0.75,S2,W29U_DEE413EAB57AC5251CC94C3E
0.0028598123704645694,0.04491106565337355,0.9891575762847925,291402,0.9667264742219234,1.0,S2,W29U_DEE413EAB57AC5251CC94C3E
0.0,0.0,0.6126757921090892,291402,1.0410291383102737,0.0,S2,W29U_D81E592C61FB76827E183645
0.22317732336735951,0.028999152903244285,0.6416749450123335,291402,0.8086950416745349,0.25,S2,W29U_D81E592C61FB76827E183645
0.5183101095323696,0.15709485274432278,0.769770644853412,291402,0.5014532116057691,0.5,S2,W29U_D81E592C61FB76827E183645
0.6135476947415606,0.23277563322442207,0.8454514253335113,291402,0.40230811034059843,0.75,S2,W29U_D81E592C61FB76827E183645
0.7060741382198218,0.28050115988181334,0.8931769519909025,291402,0.3059853866154174,1.0,S2,W29U_D81E592C61FB76827E183645
0.0,0.0,0.944792579850594,291402,1.7151605034663624,0.0,S2,W29U_1132CA32846D8F057C579B58
0.24747112251582176,0.011093817431184538,0.9558863972817785,291402,1.2907078083784922,0.25,S2,W29U_1132CA32846D8F057C579B58
0.7560616710959568,0.03402170769035673,0.9788142875409507,291402,0.4183933870170457,0.5,S2,W29U_1132CA32846D8F057C579B58
0.9273227413313017,0.04977930668781416,0.9945718865384081,291402,0.12465316356783228,0.75,S2,W29U_1132CA32846D8F057C579B58
0.9629501007537076,0.05252373498892704,0.997316314839521,291402,0.06354652384368586,1.0,S2,W29U_1132CA32846D8F057C579B58
0.0,0.0,0.9110873745901032,291402,1.4727583203184567,0.0,S2,W29U_FE6861630248BEA0B78E17F9
0.6630578330992732,0.03582125364614985,0.9469086282362531,291402,0.49623437976851226,0.25,S2,W29U_FE6861630248BEA0B78E17F9
0.23453438538043184,0.05768460770607231,0.9687719822961756,291402,1.1273458528484157,0.5,S2,W29U_FE6861630248BEA0B78E17F9
-0.0478173992794666,0.06716257512601209,0.9782499497161153,291402,1.5431817929633287,0.75,S2,W29U_FE6861630248BEA0B78E17F9
0.6763308066212491,0.06680121426405816,0.9778885888541614,291402,0.47668649757864257,1.0,S2,W29U_FE6861630248BEA0B78E17F9
0.0,0.0,0.6432571128516476,291402,0.9032413637898091,0.0,S2,W29U_4B296E6D957772C67FE3C252
-0.567917180665094,0.10900967632296388,0.7522667891746114,291402,1.41620765257398,0.25,S2,W29U_4B296E6D957772C67FE3C252
0.605292407614859,0.26223015173727726,0.9054872645889248,291402,0.35651622404354155,0.5,S2,W29U_4B296E6D957772C67FE3C252
0.8559530505937681,0.3386388246811347,0.9818959375327823,291402,0.1301091630305906,0.75,S2,W29U_4B296E6D957772C67FE3C252
0.7854550204141848,0.338738933753302,0.9819960466049495,291402,0.19378589995456305,1.0,S2,W29U_4B296E6D957772C67FE3C252
0.0,0.0,0.645305134624146,291402,1.554226910702519,0.0,S2,W29U_A7B8E37FC1BCCA0FFB6D7F9E
0.11864399796925734,0.12906184394708198,0.7743669785712279,291402,1.3698272162652456,0.25,S2,W29U_A7B8E37FC1BCCA0FFB6D7F9E
0.13015379881937592,0.23849121736991774,0.8837963519940637,291402,1.3519383740471531,0.5,S2,W29U_A7B8E37FC1BCCA0FFB6D7F9E
0.02159928433452706,0.24323716276713225,0.8885422973912782,291402,1.5206567217378602,0.75,S2,W29U_A7B8E37FC1BCCA0FFB6D7F9E
0.2145127995250786,0.26980731108828226,0.9151124457124282,291402,1.2208253449902928,1.0,S2,W29U_A7B8E37FC1BCCA0FFB6D7F9E
0.0,0.0,0.8251297823406376,291402,1.3986063358573455,0.0,S2,W29U_E40515EC2262E92D9B884A15
-0.05752614184652687,0.11114650779371116,0.9362762901343488,291402,1.479062762321384,0.25,S2,W29U_E40515EC2262E92D9B884A15
0.03066270284432019,0.12606999365316662,0.9511997759938042,291402,1.3557212853847376,0.5,S2,W29U_E40515EC2262E92D9B884A15
-0.1538287457575456,-0.7758592463641123,0.049270535976525295,291402,1.6137521943109914,0.75,S2,W29U_E40515EC2262E92D9B884A15
0.39498538899220614,0.1593308086472507,0.9844605909878883,291402,0.8461772682413727,1.0,S2,W29U_E40515EC2262E92D9B884A15
0.0,0.0,0.7314453335303702,291402,1.1832052815101048,0.0,S2,W29U_41FD60E27CD7FE165904AA23
0.004157663287329138,0.047758535393792156,0.7792038689241624,291402,1.1782859123497922,0.25,S2,W29U_41FD60E27CD7FE165904AA23
0.012973839033058316,0.12390778335243224,0.8553531168828025,291402,1.1678545666447153,0.5,S2,W29U_41FD60E27CD7FE165904AA23
0.019734342762312885,0.14859629355326753,0.8800416270836378,291402,1.1598555029265858,0.75,S2,W29U_41FD60E27CD7FE165904AA23
0.026437261159639878,0.2051673696831915,0.9366127032135617,291402,1.1519245744773305,1.0,S2,W29U_41FD60E27CD7FE165904AA23
0.0,0.0,0.9787890399587678,291402,0.8143399949809775,0.0,S2,W29U_F38CAC611236E1EDC4F0B734
0.2950958739288816,0.005194129189064256,0.983983169147832,291402,0.5740316224865298,0.25,S2,W29U_F38CAC611236E1EDC4F0B734
-0.42361130495489946,0.013129637730263433,0.9919186776890312,291402,1.1593036229322593,0.5,S2,W29U_F38CAC611236E1EDC4F0B734
0.3339529618816204,0.018304946065960004,0.9970939860247278,291402,0.5423887416780823,0.75,S2,W29U_F38CAC611236E1EDC4F0B734
0.2972929700826283,0.010042154048777285,0.988831194007545,291402,0.5722424392157128,1.0,S2,W29U_F38CAC611236E1EDC4F0B734
0.0,0.0,0.8672010796517919,291402,1.1012155190459807,0.0,S2,W29U_253B572365B24FEC3BC50C3A
0.001208012250148515,0.020065195255079993,0.8872662749068719,291402,1.0998852372089183,0.25,S2,W29U_253B572365B24FEC3BC50C3A
-0.016724260492441977,0.04114337613417118,0.9083444557859631,291402,1.119632534244842,0.5,S2,W29U_253B572365B24FEC3BC50C3A
-0.033711070197482956,0.06207957232651262,0.9292806519783046,291402,1.138338672711131,0.75,S2,W29U_253B572365B24FEC3BC50C3A
-0.01115142051133651,0.08212117270781283,0.9493222523596048,291402,1.1134956363724833,1.0,S2,W29U_253B572365B24FEC3BC50C3A
0.0,0.0,0.9658422957338137,291402,1.2972054484626425,0.0,S2,W29U_9EC6A4D2F3C37960EF79F609
-0.02610536642216757,0.009387327148378088,0.9752296228821918,291402,1.3310694720196181,0.25,S2,W29U_9EC6A4D2F3C37960EF79F609
0.034796998764213716,0.015261784559339242,0.981104080293153,291402,1.2520665920755218,0.5,S2,W29U_9EC6A4D2F3C37960EF79F609
0.614690881820468,0.0294685228117193,0.995310818545533,291402,0.4998250874442104,0.75,S2,W29U_9EC6A4D2F3C37960EF79F609
0.9732870615584327,0.03329765524539152,0.9991399509792053,291402,0.034652169289875,1.0,S2,W29U_9EC6A4D2F3C37960EF79F609
0.0,0.0,0.7072760199412472,291402,1.125818136748277,0.0,S2,W29U_2EE18F548561B5DF87AA953F
0.1439498472773443,0.015529490290481451,0.7228055102317287,291402,0.9637567879011542,0.25,S2,W29U_2EE18F548561B5DF87AA953F
0.13686799015415219,0.05661524156142739,0.7638912615026746,291402,0.9717296710923109,0.5,S2,W29U_2EE18F548561B5DF87AA953F
0.020903947939020378,0.06977503019802689,0.7770510501392741,291402,1.102284093028865,0.75,S2,W29U_2EE18F548561B5DF87AA953F
0.4416773372172962,0.08172788169872147,0.7890039016399687,291402,0.6285697799179184,1.0,S2,W29U_2EE18F548561B5DF87AA953F
0.0,0.0,0.8727276746709789,291402,0.9447602784985096,0.0,S2,W29U_03F715C9B2E6CAD085714748
-0.13700698205454787,0.023415560756913312,0.8961432354278922,291402,1.0741990330207416,0.25,S2,W29U_03F715C9B2E6CAD085714748
-0.04672732194402921,0.047251569481071565,0.9199792441520505,291402,0.9889063961918869,0.5,S2,W29U_03F715C9B2E6CAD085714748
0.15481633982198054,0.07255804958465684,0.9452857242556357,291402,0.7984959501720206,0.75,S2,W29U_03F715C9B2E6CAD085714748
-0.044898940574862066,0.09090737604187638,0.9636350507128553,291402,0.9871790141003493,1.0,S2,W29U_03F715C9B2E6CAD085714748
0.0,0.0,0.9530385258806776,291402,1.0360865389285865,0.0,S2,W29U_6E1CE2BCDE6D0C1A10B6BCF1
0.10054185839025796,0.0032697528873066872,0.9563082787679843,291402,0.9319164728514755,0.25,S2,W29U_6E1CE2BCDE6D0C1A10B6BCF1
0.2559812446975703,0.008575592969362722,0.9616141188500403,291402,0.7708678170789933,0.5,S2,W29U_6E1CE2BCDE6D0C1A10B6BCF1
0.4683252147612535,0.02082748157182246,0.9738660074525001,291402,0.550861088073144,0.75,S2,W29U_6E1CE2BCDE6D0C1A10B6BCF1
0.696266318696462,0.028118229118383686,0.9811567549990613,291402,0.3146943786171247,1.0,S2,W29U_6E1CE2BCDE6D0C1A10B6BCF1
0.0,0.0,0.6284704744328121,291402,1.1195190017178023,0.0,S2,W29U_B37F78D6C87C711025971C0A
0.1886466679122115,0.05717254911466951,0.6856430235474816,291402,0.9083254723791448,0.25,S2,W29U_B37F78D6C87C711025971C0A
0.42072229626073104,0.12824823952641984,0.756718713959232,291402,0.6485123966071464,0.5,S2,W29U_B37F78D6C87C711025971C0A
0.6591265393558039,0.24702973228443847,0.8755002067172506,291402,0.38161431637182386,0.75,S2,W29U_B37F78D6C87C711025971C0A
0.7427302814895042,0.3103144295096052,0.9387849039424173,291402,0.2880183384383475,1.0,S2,W29U_B37F78D6C87C711025971C0A
0.0,0.0,0.6234706980556117,291402,0.7895620332465969,0.0,S2,W29U_BA8F0BBA7DD34894F52D8984
-0.3589919294268919,0.02707845588847335,0.6505491539440851,291402,1.0730084309643715,0.25,S2,W29U_BA8F0BBA7DD34894F52D8984
-0.033298473392388166,0.05308140075017709,0.6765520988057888,291402,0.8158532436023319,0.5,S2,W29U_BA8F0BBA7DD34894F52D8984
0.015973586384146865,0.1098444472887431,0.7333151453443548,291402,0.7769498959028738,0.75,S2,W29U_BA8F0BBA7DD34894F52D8984
0.47323140745304637,0.2345008416587785,0.8579715397143902,291402,0.41591648098134765,1.0,S2,W29U_BA8F0BBA7DD34894F52D8984
0.0,0.0,0.6225795386291951,291402,1.0294995202215642,0.0,S2,W29U_1A76051F68A035461FA58639
0.6024285199299926,0.10063721735940523,0.7232167559886004,291402,0.40929964798524726,0.25,S2,W29U_1A76051F68A035461FA58639
0.6681123335102949,0.1983671830029392,0.8209467216321343,291402,0.34167819341793787,0.5,S2,W29U_1A76051F68A035461FA58639
0.7330775565115858,0.2898690118063455,0.9124485504355406,291402,0.27479652750695677,0.75,S2,W29U_1A76051F68A035461FA58639
0.798318071624163,0.34364895850874344,0.9662284971379386,291402,0.20763144849948573,1.0,S2,W29U_1A76051F68A035461FA58639
0.0,0.0,0.8822276519041264,291402,1.3308624204502584,0.0,S2,W29U_2E4321BF2DB1D8DD3E839BC4
-0.20862863087149283,0.049110250045168335,0.9313379019492948,291402,1.6085184251073255,0.25,S2,W29U_2E4321BF2DB1D8DD3E839BC4
0.8045094834873916,0.09845459320880556,0.980682245112932,291402,0.2601709819802367,0.5,S2,W29U_2E4321BF2DB1D8DD3E839BC4
0.9544481489019818,0.11514060144311244,0.9973682533472389,291402,0.0606232468073438,0.75,S2,W29U_2E4321BF2DB1D8DD3E839BC4
0.9188946514454538,0.11074382930705473,0.9929714812111812,291402,0.10794006048784628,1.0,S2,W29U_2E4321BF2DB1D8DD3E839BC4
0.0,0.0,0.7445537036934616,291402,0.8529109040674887,0.0,S2,W29U_F0D8813BABEB03235BE3F5F1
-0.2571408827749953,0.029278609787437015,0.7738323134808986,291402,1.0722291668680792,0.25,S2,W29U_F0D8813BABEB03235BE3F5F1
0.02614383751049714,0.06435210789988532,0.808905811593347,291402,0.8306125399805909,0.5,S2,W29U_F0D8813BABEB03235BE3F5F1
-0.10766089767996577,0.0671794000717445,0.8117331037652061,291402,0.9447360576405334,0.75,S2,W29U_F0D8813BABEB03235BE3F5F1
0.05525851830673264,0.10567263785915149,0.8502263415526131,291402,0.8057803112610082,1.0,S2,W29U_F0D8813BABEB03235BE3F5F1
0.0,0.0,0.624824581505741,291402,1.0597679355255194,0.0,S2,W29U_75E1B5DFD8A7A539DE8FC900
0.22548225383703327,0.051113818197146554,0.6759383997028876,291402,0.82080907287878,0.25,S2,W29U_75E1B5DFD8A7A539DE8FC900
0.3582148486567243,0.11903557233333384,0.7438601538390749,291402,0.680143324889638,0.5,S2,W29U_75E1B5DFD8A7A539DE8FC900
0.7001091635902121,0.20271611532968292,0.827540696835424,291402,0.317814692584322,0.75,S2,W29U_75E1B5DFD8A7A539DE8FC900
0.7756328393657335,0.3022497806596105,0.9270743621653516,291402,0.23777712262432346,1.0,S2,W29U_75E1B5DFD8A7A539DE8FC900
0.0,0.0,0.8781983652089087,291402,1.3092765954578702,0.0,S2,W29U_9F64F2ED6522A8545701DEE2
0.1684548055527827,0.036071696459987646,0.9142700616688963,291402,1.088722661155037,0.25,S2,W29U_9F64F2ED6522A8545701DEE2
0.823738423430889,0.09155040520740698,0.9697487704163157,291402,0.23077515687961855,0.5,S2,W29U_9F64F2ED6522A8545701DEE2
0.9138890838225282,0.1124176660489642,0.9906160312578729,291402,0.11274300716368438,0.75,S2,W29U_9F64F2ED6522A8545701DEE2
0.9556795729111401,0.1189816241666175,0.9971799893755262,291402,0.05802769788718549,1.0,S2,W29U_9F64F2ED6522A8545701DEE2
0.0,0.0,0.9513945024540296,291402,0.9451888715052295,0.0,S2,W29U_1B1E7F331C8C1B7B2435E8C2
0.003621669976010094,0.012185441339807035,0.9635799437938366,291402,0.9417657093476365,0.25,S2,W29U_1B1E7F331C8C1B7B2435E8C2
-0.03781775800754574,0.02169484524456544,0.973089347698595,291402,0.9809337955192773,0.5,S2,W29U_1B1E7F331C8C1B7B2435E8C2
-0.06842603154014647,0.02954511055609388,0.9809396130101234,291402,1.0098643950383102,0.75,S2,W29U_1B1E7F331C8C1B7B2435E8C2
-0.005875191452582001,0.03543328473366669,0.9868277871876963,291402,0.9507420370841785,1.0,S2,W29U_1B1E7F331C8C1B7B2435E8C2
0.0,0.0,0.8986492883533186,291402,1.3358668070653943,0.0,S2,W29U_8FEF3BAD240070F8614650A4
-0.20666960278111557,0.01774511370635845,0.916394402059677,291402,1.6119498694502832,0.25,S2,W29U_8FEF3BAD240070F8614650A4
-0.0038666414458523994,0.0689193757701333,0.9675686641234519,291402,1.3410321250277357,0.5,S2,W29U_8FEF3BAD240070F8614650A4
-0.12127770196338805,0.05449861734208272,0.9531479056954013,291402,1.4978776635555753,0.75,S2,W29U_8FEF3BAD240070F8614650A4
0.1073360724603221,0.0737990120558536,0.9724483004091722,291402,1.1924801106647767,1.0,S2,W29U_8FEF3BAD240070F8614650A4
0.0,0.0,0.6422137980362098,291403,0.6955247825919235,0.0,S1,W29U_2B98D8963199CEBD39881CF3
0.0535739901932388,0.05867958744572954,0.7008933854819394,291403,0.6582627447101357,0.25,S1,W29U_2B98D8963199CEBD39881CF3
0.08006420552551088,0.12987802407953597,0.7720918221157458,291403,0.6398381434503174,0.5,S1,W29U_2B98D8963199CEBD39881CF3
0.30632776508155635,0.2384813873322026,0.8806951853684124,291403,0.4824662303813979,0.75,S1,W29U_2B98D8963199CEBD39881CF3
0.4988001517813079,0.2855645629783271,0.9277783610145369,291403,0.3485969154669121,1.0,S1,W29U_2B98D8963199CEBD39881CF3
0.0,0.0,0.941826695406353,291403,0.2905853411416014,0.0,S1,W29U_11EACAC0A69B433BE5335374
0.11448623957486562,0.015462408531126681,0.9572891039374797,291403,0.2573173181586055,0.25,S1,W29U_11EACAC0A69B433BE5335374
0.21480770996335366,0.02609077771992352,0.9679174731262765,291403,0.2281653694618393,0.5,S1,W29U_11EACAC0A69B433BE5335374
0.2875857097938762,0.03164991170632325,0.9734766071126763,291403,0.20701714955341072,0.75,S1,W29U_11EACAC0A69B433BE5335374
0.3193098718428394,0.03226880459980941,0.9740955000061624,291403,0.1977985731019496,1.0,S1,W29U_11EACAC0A69B433BE5335374
0.0,0.0,0.9424989932131798,291403,0.22891289148988034,0.0,S1,W29U_CDB45AA59812E048F89D1FEF
0.07932017793048123,0.007596592309349504,0.9500955855225293,291403,0.21075548020624277,0.25,S1,W29U_CDB45AA59812E048F89D1FEF
0.14836188726219382,0.013961804231599428,0.9564607974447792,291403,0.19495094288964754,0.5,S1,W29U_CDB45AA59812E048F89D1FEF
0.20563455292750304,0.01911750295028214,0.9616164961634619,291403,0.18184049138881114,0.75,S1,W29U_CDB45AA59812E048F89D1FEF
0.24934220061365694,0.023041309081948902,0.9655403022951287,291403,0.17183524737670897,1.0,S1,W29U_CDB45AA59812E048F89D1FEF
0.0,0.0,0.9482037956579403,291403,0.22467328533992206,0.0,S1,W29U_D8CFC7B512CCF79D00E3DA72
0.14630890278505837,0.01624603083689835,0.9644498264948387,291403,0.19180158347657741,0.25,S1,W29U_D8CFC7B512CCF79D00E3DA72
0.28138878901673015,0.02783083639274897,0.9760346320506893,291403,0.16145274165342974,0.5,S1,W29U_D8CFC7B512CCF79D00E3DA72
0.3842573020020855,0.033951288006057734,0.9821550836639981,291403,0.13834093488287463,0.75,S1,W29U_D8CFC7B512CCF79D00E3DA72
0.41997712903543,0.034002707275210486,0.9822065029331508,291403,0.13031564399148365,1.0,S1,W29U_D8CFC7B512CCF79D00E3DA72
0.0,0.0,0.9538229099071838,291403,0.19955383199236798,0.0,S1,W29U_0C150BD91825DDE5B26260D3
0.21598021935928646,0.017989093631347264,0.971812003538531,291403,0.15645415158445417,0.25,S1,W29U_0C150BD91825DDE5B26260D3
0.44317048978437584,0.03224208432930231,0.9860649942364861,291403,0.11111746252951804,0.5,S1,W29U_0C150BD91825DDE5B26260D3
0.6737655962344508,0.04159069320047515,0.9954136031076589,291403,0.06510132539848698,0.75,S1,W29U_0C150BD91825DDE5B26260D3
0.8196117166795965,0.04469271228437299,0.9985156221915568,291403,0.035997173182291856,1.0,S1,W29U_0C150BD91825DDE5B26260D3
0.0,0.0,0.8274379926842517,291403,0.4271190313138104,0.0,S1,W29U_2F5C149851D9AB038AA06566
0.14470580885796674,0.051811542304730285,0.879249534988982,291403,0.36531242640876954,0.25,S1,W29U_2F5C149851D9AB038AA06566
0.3235186511779279,0.10296761550672517,0.9304056081909768,291403,0.2889380584104198,0.5,S1,W29U_2F5C149851D9AB038AA06566
0.5281222400302181,0.13926462378455728,0.966702616468809,291403,0.20154797173629585,0.75,S1,W29U_2F5C149851D9AB038AA06566
0.6843854575637184,0.15473729890182664,0.9821752915860783,291403,0.13480497763325172,1.0,S1,W29U_2F5C149851D9AB038AA06566
0.0,0.0,0.5696241765929789,291403,0.5929687498566373,0.0,S1,W29U_A3B6D3BDB73A7B2D4AE044E2
0.09814379361918353,0.06105935881116309,0.630683535404142,291403,0.5347725472479841,0.25,S1,W29U_A3B6D3BDB73A7B2D4AE044E2
0.15857936278742274,0.10921285643079226,0.6788370330237712,291403,0.4989361433513585,0.5,S1,W29U_A3B6D3BDB73A7B2D4AE044E2
0.1834566081939786,0.1351009287869196,0.7047251053798985,291403,0.4841847142427314,0.75,S1,W29U_A3B6D3BDB73A7B2D4AE044E2
0.17392270302954385,0.140313009402679,0.7099371859956579,291403,0.48983802206934757,1.0,S1,W29U_A3B6D3BDB73A7B2D4AE044E2
0.0,0.0,0.5611184829870527,291403,0.6248246146141355,0.0,S1,W29U_AC8C1DB17FDD8141A366E8D2
0.11362039881746189,0.04878839507153476,0.6099068780585875,291403,0.5538317927105969,0.25,S1,W29U_AC8C1DB17FDD8141A366E8D2
0.18455543027082022,0.07958474857704334,0.640703231564096,291403,0.5095098390200398,0.5,S1,W29U_AC8C1DB17FDD8141A366E8D2
0.3198732005275211,0.285655639832851,0.8467741228199037,291403,0.4249599653688172,0.75,S1,W29U_AC8C1DB17FDD8141A366E8D2
0.4481051123840848,0.3385813483297684,0.8996998313168211,291403,0.34483751046167777,1.0,S1,W29U_AC8C1DB17FDD8141A366E8D2
0.0,0.0,0.8368467901989733,291403,0.412401473174068,0.0,S1,W29U_B1AA4B604A313D5010E1A61F
0.07863741621707915,0.019458321728093586,0.8563051119270669,291403,0.3799712868794636,0.25,S1,W29U_B1AA4B604A313D5010E1A61F
0.13926832629366726,0.033709439739978975,0.8705562299389523,291403,0.35496701024393357,0.5,S1,W29U_B1AA4B604A313D5010E1A61F
0.18098598098273697,0.04327657391614337,0.8801233641151167,291403,0.33776258799275244,0.75,S1,W29U_B1AA4B604A313D5010E1A61F
0.20302675755556518,0.04836222183783345,0.8852090120368068,291403,0.32867293926419555,1.0,S1,W29U_B1AA4B604A313D5010E1A61F
0.0,0.0,0.6947683696199598,291403,0.6361521759420733,0.0,S1,W29U_4BC3ADADD4685C9154124B37
0.19076120085283516,0.10285000575824277,0.7976183753782026,291403,0.5147990229340286,0.25,S1,W29U_4BC3ADADD4685C9154124B37
0.41302439712796,0.20034448896053447,0.8951128585804943,291403,0.3734058069915455,0.5,S1,W29U_4BC3ADADD4685C9154124B37
0.5983124532033008,0.2640819394870181,0.9588503091069779,291403,0.25553440694295526,0.75,S1,W29U_4BC3ADADD4685C9154124B37
0.691700930002286,0.11571985800733209,0.8104882276272919,291403,0.19612512421927167,1.0,S1,W29U_4BC3ADADD4685C9154124B37
0.0,0.0,0.8279418057671719,291403,0.43605764846953315,0.0,S1,W29U_62F02A00E48B9E836FA9D0FE
0.15516600882094841,0.055453362012173324,0.8833951677793452,291403,0.3683963235405124,0.25,S1,W29U_62F02A00E48B9E836FA9D0FE
0.34405660757790557,0.10315728609514507,0.931099091862317,291403,0.28602913322836265,0.5,S1,W29U_62F02A00E48B9E836FA9D0FE
0.5258030424600356,0.13046832092199434,0.9584101266891663,291403,0.20677721021575815,0.75,S1,W29U_62F02A00E48B9E836FA9D0FE
0.6286500907636401,0.1429283078817244,0.9708701136488963,291403,0.16192996818035305,1.0,S1,W29U_62F02A00E48B9E836FA9D0FE
0.0,0.0,0.5391987249810525,291403,0.8493822911242687,0.0,S1,W29U_E53925AE8D426CFBA11CA56F
0.059114786624629496,0.08107789003505528,0.6202766150161078,291403,0.7991712382216595,0.25,S1,W29U_E53925AE8D426CFBA11CA56F
0.11396555694027588,0.14208725715339676,0.6812859821344492,291403,0.7525819652609699,0.5,S1,W29U_E53925AE8D426CFBA11CA56F
0.17727590441343138,0.19909445745039855,0.738293182431451,291403,0.6988072772722842,0.75,S1,W29U_E53925AE8D426CFBA11CA56F
0.25603448509573334,0.2619490078610248,0.8011477328420773,291403,0.6319111335665762,1.0,S1,W29U_E53925AE8D426CFBA11CA56F
0.0,0.0,0.8601559669714809,291403,0.3555730815999151,0.0,S1,W29U_5E9585B5B6DBFD2154636B70
0.1552338147175022,0.036672825927288044,0.8968287928987689,291403,0.30037611573214734,0.25,S1,W29U_5E9585B5B6DBFD2154636B70
0.31694843113676835,0.0689078057257495,0.9290637726972304,291403,0.24287475123203894,0.5,S1,W29U_5E9585B5B6DBFD2154636B70
0.48058780390970335,0.09577502184780684,0.9559309888192877,291403,0.18468899518392556,0.75,S1,W29U_5E9585B5B6DBFD2154636B70
0.6331060466613874,0.11606204215634774,0.9762180091278286,291403,0.13045761360835284,1.0,S1,W29U_5E9585B5B6DBFD2154636B70
0.0,0.0,0.5733210753006168,291403,0.6117887003440938,0.0,S1,W29U_E9525766D7F0FD19E74D6A7E
0.094083494688036,0.058495673997772335,0.6318167492983892,291403,0.5542294814049757,0.25,S1,W29U_E9525766D7F0FD19E74D6A7E
0.147049923720531,0.09958266576573016,0.672903741066347,291403,0.521825218625265,0.5,S1,W29U_E9525766D7F0FD19E74D6A7E
0.16392549357255634,0.12059380619607307,0.6939148814966899,291403,0.5115009356779116,0.75,S1,W29U_E9525766D7F0FD19E74D6A7E
0.15617011022658003,0.12877794746190852,0.7020990227625253,291403,0.5162455915758244,1.0,S1,W29U_E9525766D7F0FD19E74D6A7E
0.0,0.0,0.5575566614441672,291403,0.641352194823916,0.0,S1,W29U_BA70175A76438B66A59B5FB8
0.13743675517919993,0.06565567478211554,0.6232123362262827,291403,0.5532068302401215,0.25,S1,W29U_BA70175A76438B66A59B5FB8
0.23217783510428378,0.17636513881782834,0.7339218002619955,291403,0.4924444306900862,0.5,S1,W29U_BA70175A76438B66A59B5FB8
0.34884368884456474,0.3096018946766964,0.8671585561208636,291403,0.4176205293326344,0.75,S1,W29U_BA70175A76438B66A59B5FB8
0.5142471195685492,0.3682502185338945,0.9258068799780617,291403,0.31153867600623597,1.0,S1,W29U_BA70175A76438B66A59B5FB8
0.0,0.0,0.5640353381690365,291403,0.6271560950567455,0.0,S1,W29U_A972A9FE615861DB83C1C26E
0.1401359379195058,0.06259198995903525,0.6266273281280718,291403,0.5392689874538936,0.25,S1,W29U_A972A9FE615861DB83C1C26E
0.23785300601276993,0.19942344743321183,0.7634587856022483,291403,0.47798513260803027,0.5,S1,W29U_A972A9FE615861DB83C1C26E
0.35016842813606847,0.3037265986300617,0.8677619367990982,291403,0.40754583105442005,0.75,S1,W29U_A972A9FE615861DB83C1C26E
0.4989352908499788,0.3580798318578353,0.9221151700268718,291403,0.31424578636077233,1.0,S1,W29U_A972A9FE615861DB83C1C26E
0.0,0.0,0.680617400620187,291403,0.6252871399297041,0.0,S1,W29U_D72E64A6FE3FD6481A8DD4F3
0.21410361278455903,0.10911360461885622,0.7897310052390433,291403,0.49141090424281625,0.25,S1,W29U_D72E64A6FE3FD6481A8DD4F3
0.4540610106539578,0.21237098987898617,0.8929883904991732,291403,0.34136862922384587,0.5,S1,W29U_D72E64A6FE3FD6481A8DD4F3
0.6675077733670944,0.2919103546237465,0.9725277552439335,291403,0.207903113439481,0.75,S1,W29U_D72E64A6FE3FD6481A8DD4F3
0.7279149107423533,0.19210794783524066,0.8727253484554277,291403,0.17013130727870426,1.0,S1,W29U_D72E64A6FE3FD6481A8DD4F3
0.0,0.0,0.9694810052354292,291403,0.20873185087972962,0.0,S1,W29U_AAD068AB87B51FB466F1641F
0.14414773078578155,0.008944779492220167,0.9784257847276494,291403,0.1786436282325563,0.25,S1,W29U_AAD068AB87B51FB466F1641F
0.2972450048212795,0.016342152210405025,0.9858231574458343,291403,0.14668735085833254,0.5,S1,W29U_AAD068AB87B51FB466F1641F
0.44762962999643807,0.02157290701352821,0.9910539122489574,291403,0.11529728970151693,0.75,S1,W29U_AAD068AB87B51FB466F1641F
0.5561183885572822,0.023973349431802515,0.9934543546672318,291403,0.09265223032735932,1.0,S1,W29U_AAD068AB87B51FB466F1641F
0.0,0.0,0.5957876385965503,291403,0.5670914038580268,0.0,S1,W29U_6CFF1D75487CD3A42D913977
0.1737566111975006,0.07150858825294748,0.6672962268494977,291403,0.4685555232842491,0.25,S1,W29U_6CFF1D75487CD3A42D913977
0.3583065629335141,0.13241216165315461,0.7281998002497049,291403,0.36389883207215756,0.5,S1,W29U_6CFF1D75487CD3A42D913977
0.5502930090254451,0.19154235298180589,0.7873299915783561,291403,0.2550249688359791,0.75,S1,W29U_6CFF1D75487CD3A42D913977
0.7534505402937203,0.2775926543908954,0.8733802929874457,291403,0.13981607922451877,1.0,S1,W29U_6CFF1D75487CD3A42D913977
0.0,0.0,0.736389128883024,291403,0.46449441362852034,0.0,S1,W29U_E39EA8A21758C10BCC5F4B25
0.07284250976951363,0.02153984635259021,0.7579289752356142,291403,0.4306594747658275,0.25,S1,W29U_E39EA8A21758C10BCC5F4B25
0.17213055957243392,0.05936129869857032,0.7957504275815943,291403,0.3845407302922014,0.5,S1,W29U_E39EA8A21758C10BCC5F4B25
0.32601393013457747,0.12169195170136782,0.8580810805843918,291403,0.31306276431560437,0.75,S1,W29U_E39EA8A21758C10BCC5F4B25
0.5215649170555435,0.1825064471530996,0.9188955760361236,291403,0.22223042331107623,1.0,S1,W29U_E39EA8A21758C10BCC5F4B25
0.0,0.0,0.8244037457951692,291403,0.4321379652284178,0.0,S1,W29U_C886BB9C0B293A1ED9758B14
0.07738061429882087,0.022500013445539757,0.8469037592407089,291403,0.39869886401712296,0.25,S1,W29U_C886BB9C0B293A1ED9758B14
0.13685358790990795,0.03759582677706519,0.8619995725722344,291403,0.3729983342146849,0.5,S1,W29U_C886BB9C0B293A1ED9758B14
0.17714228207636026,0.04714926822690513,0.8715530140220743,291403,0.3555880598958439,0.75,S1,W29U_C886BB9C0B293A1ED9758B14
0.19804873849189206,0.05174315260046969,0.8761468983956389,291403,0.3465535863602785,1.0,S1,W29U_C886BB9C0B293A1ED9758B14
0.0,0.0,0.7321181158664061,291403,0.631312066697427,0.0,S1,W29U_A5910054BB855156E9B32F8C
0.11878076839435671,0.039747861414174634,0.7718659772805807,291403,0.5563243343183585,0.25,S1,W29U_A5910054BB855156E9B32F8C
0.19193290975046262,0.04801568905356557,0.7801338049199716,291403,0.5101425047754198,0.5,S1,W29U_A5910054BB855156E9B32F8C
0.17665868629857612,0.01154573859201058,0.7436638544584167,291403,0.5197853063500438,0.75,S1,W29U_A5910054BB855156E9B32F8C
0.05618277441606576,-0.05148159311686695,0.6806365227495391,291403,0.595843203267969,1.0,S1,W29U_A5910054BB855156E9B32F8C
0.0,0.0,0.9456489329481977,291403,0.26663302955097024,0.0,S1,W29U_2A89DC488AD15CBE1249ED0D
0.13407023893827782,0.015695417433623238,0.961344350381821,291403,0.2308854755701007,0.25,S1,W29U_2A89DC488AD15CBE1249ED0D
0.2494954879131848,0.02564965123120444,0.9712985841794022,291403,0.2001092917491308,0.5,S1,W29U_2A89DC488AD15CBE1249ED0D
0.3201252458178457,0.029215891080782597,0.9748648240289803,291403,0.18127706542248886,0.75,S1,W29U_2A89DC488AD15CBE1249ED0D
0.32068798280013067,0.026638241991753353,0.9722871749399511,291403,0.18112702115606127,1.0,S1,W29U_2A89DC488AD15CBE1249ED0D
0.0,0.0,0.9610948496544355,291403,0.18101989974633836,0.0,S1,W29U_9D11D773ABD3D5DDFD96D857
0.1345186962028097,0.0089167907481279,0.9700116404025634,291403,0.15666933884556308,0.25,S1,W29U_9D11D773ABD3D5DDFD96D857
0.26774866546549,0.01656870271886446,0.9776635523732999,291403,0.13255206316629173,0.5,S1,W29U_9D11D773ABD3D5DDFD96D857
0.39653343257278667,0.02292689421479499,0.9840217438692305,291403,0.10923945753554457,0.75,S1,W29U_9D11D773ABD3D5DDFD96D857
0.5145271247683499,0.02796044184259927,0.9890552914970347,291403,0.08788025120348539,1.0,S1,W29U_9D11D773ABD3D5DDFD96D857
0.0,0.0,0.7282355127685656,291403,0.6539063058499386,0.0,S1,W29U_B52BC9EA0A5865F529FD944F
0.15152536453348506,0.057272187914914396,0.78550770068348,291403,0.5548229144851305,0.25,S1,W29U_B52BC9EA0A5865F529FD944F
0.254580692807145,0.08338980781982497,0.8116253205883905,291403,0.48743438547544576,0.5,S1,W29U_B52BC9EA0A5865F529FD944F
0.2752496584140354,0.06521600168545572,0.7934515144540213,291403,0.473918818529684,0.75,S1,W29U_B52BC9EA0A5865F529FD944F
0.17889329174711396,0.002993160159245334,0.7312286729278109,291403,0.5369268543020691,1.0,S1,W29U_B52BC9EA0A5865F529FD944F
0.0,0.0,0.9005713752876889,291403,0.3963497690311444,0.0,S1,W29U_994622A6D5AD3781B8DCA5E7
0.13246815223004582,0.027562505065505283,0.9281338803531942,291403,0.3438460474906508,0.25,S1,W29U_994622A6D5AD3781B8DCA5E7
0.2618836921678726,0.05148786952314577,0.9520592448108347,291403,0.2925522281271229,0.5,S1,W29U_994622A6D5AD3781B8DCA5E7
0.3779529888526376,0.06836865315704255,0.9689400284447315,291403,0.24654818919439284,0.75,S1,W29U_994622A6D5AD3781B8DCA5E7
0.4428502808804641,0.07112642256059498,0.9716977978482839,291403,0.22082616248835218,1.0,S1,W29U_994622A6D5AD3781B8DCA5E7
0.0,0.0,0.8233361242248368,291403,0.42127840586982057,0.0,S1,W29U_35D26B470FA840A2B61FA7BD
0.1408575756417746,0.0512718635961148,0.8746079878209516,291403,0.36193815094862525,0.25,S1,W29U_35D26B470FA840A2B61FA7BD
0.3107026922413721,0.10198730641228526,0.9253234306371221,291403,0.29038607098260316,0.5,S1,W29U_35D26B470FA840A2B61FA7BD
0.5115343677142337,0.14200322081803207,0.9653393450428689,291403,0.20578002289103006,0.75,S1,W29U_35D26B470FA840A2B61FA7BD
0.689120319585505,0.16057149533539594,0.9839076195602328,291403,0.13096689618164864,1.0,S1,W29U_35D26B470FA840A2B61FA7BD
0.0,0.0,0.7731538384178057,291403,0.24886236100325224,0.0,S1,W29U_D863F5D445E32C9CFE045647
0.07730432102933343,0.005397815430824626,0.7785516538486303,291403,0.22962422515606165,0.25,S1,W29U_D863F5D445E32C9CFE045647
0.1661947944698351,0.010633317622788074,0.7837871560405938,291403,0.20750273206487263,0.5,S1,W29U_D863F5D445E32C9CFE045647
0.27056385735143335,0.01514760290624495,0.7883014413240507,291403,0.18152920066035683,0.75,S1,W29U_D863F5D445E32C9CFE045647
0.3922670880889224,0.20511894168869416,0.9782727801064999,291403,0.15124184731718002,1.0,S1,W29U_D863F5D445E32C9CFE045647
0.0,0.0,0.9145677726732401,291403,0.3877953830934475,0.0,S1,W29U_30410D146F275D9B501A8D8B
0.1366431808014738,0.025975623262937342,0.9405433959361774,291403,0.33480578844729614,0.25,S1,W29U_30410D146F275D9B501A8D8B
0.27152023725086055,0.04502314520317763,0.9595909178764177,291403,0.28250108867085477,0.5,S1,W29U_30410D146F275D9B501A8D8B
0.3991350668924608,0.05719372756632668,0.9717615002395668,291403,0.23301264692145776,0.75,S1,W29U_30410D146F275D9B501A8D8B
0.49757696991067385,0.061334435225829376,0.9759022078990695,291403,0.1948373314279634,1.0,S1,W29U_30410D146F275D9B501A8D8B
0.0,0.0,0.7096726210613135,291403,0.4574736740249241,0.0,S1,W29U_AB05A2088E675A5855032D7A
0.05924554779893723,0.016089840722913196,0.7257624617842267,291403,0.4303703956036658,0.25,S1,W29U_AB05A2088E675A5855032D7A
0.13370577292871616,0.03722108091789722,0.7468937019792107,291403,0.3963068028447484,0.5,S1,W29U_AB05A2088E675A5855032D7A
0.24603275946634232,0.19044466883505495,0.9001172898963684,291403,0.34492016362112005,0.75,S1,W29U_AB05A2088E675A5855032D7A
0.4217375378975582,0.23599474720658065,0.9456673682678941,291403,0.26453985308828076,1.0,S1,W29U_AB05A2088E675A5855032D7A
0.0,0.0,0.9024906637177488,291403,0.3848869932953593,0.0,S1,W29U_CBC2DCAEF6675B5D9A70E2E5
0.12482949901957067,0.027686032595512833,0.9301766963132616,291403,0.3368417427430259,0.25,S1,W29U_CBC2DCAEF6675B5D9A70E2E5
0.24499648851179476,0.04882069901204544,0.9513113627297942,291403,0.2905910314638886,0.5,S1,W29U_CBC2DCAEF6675B5D9A70E2E5
0.36079573223483313,0.06349819756148256,0.9659888612792313,291403,0.24602140872133604,0.75,S1,W29U_CBC2DCAEF6675B5D9A70E2E5
0.4578932329268183,0.07046807809605038,0.9729587418137992,291403,0.2086498436234067,1.0,S1,W29U_CBC2DCAEF6675B5D9A70E2E5
0.0,0.0,0.6824821699496258,291403,0.5981232448629648,0.0,S1,W29U_21A4C462A4AB85B5ED8A8FB9
0.07841831102133835,0.036387390140291354,0.7188695600899172,291403,0.5512194302181302,0.25,S1,W29U_21A4C462A4AB85B5ED8A8FB9
0.23247137418075617,0.12984044444397624,0.8123226143936021,291403,0.45907671219998597,0.5,S1,W29U_21A4C462A4AB85B5ED8A8FB9
0.46931973488618506,0.22280303837017412,0.9052852083198,291403,0.31741220215414406,0.75,S1,W29U_21A4C462A4AB85B5ED8A8FB9
0.6936510785865254,0.2895784854305976,0.9720606553802235,291403,0.18323441093540319,1.0,S1,W29U_21A4C462A4AB85B5ED8A8FB9
0.0,0.0,0.7898450984612879,291403,0.24235322171188226,0.0,S1,W29U_229702C2BCB73563FD30EE1D
0.08663913502256264,0.008935756776346393,0.7987808552376343,291403,0.2213559482127468,0.25,S1,W29U_229702C2BCB73563FD30EE1D
0.18657425361257166,0.019638006557819998,0.8094831050191079,291403,0.19713635026019916,0.5,S1,W29U_229702C2BCB73563FD30EE1D
0.30387796073006007,0.03740637360742216,0.8272514720687101,291403,0.16870741892141147,0.75,S1,W29U_229702C2BCB73563FD30EE1D
0.439705271717617,0.10102375512964468,0.8908688535909326,291403,0.1357892325069795,1.0,S1,W29U_229702C2BCB73563FD30EE1D
0.0,0.0,0.6945679048269532,291403,0.6308625370852196,0.0,S1,W29U_3BDC39A40CA0FF75A3C3A3A6
0.20568479019569566,0.10782376089176182,0.802391665718715,291403,0.5011037085023162,0.25,S1,W29U_3BDC39A40CA0FF75A3C3A3A6
0.42661100055626106,0.20581603224950473,0.9003839370764579,291403,0.3617296389254061,0.5,S1,W29U_3BDC39A40CA0FF75A3C3A3A6
0.6176801634095437,0.2679788532023677,0.9625467580293209,291403,0.24119126208884417,0.75,S1,W29U_3BDC39A40CA0FF75A3C3A3A6
0.6669555201166529,0.07029589872428343,0.7648638035512366,291403,0.21010528554076874,1.0,S1,W29U_3BDC39A40CA0FF75A3C3A3A6
0.0,0.0,0.954316047176966,291403,0.19564159961169778,0.0,S1,W29U_4C6ED1EB798517953D0DC778
0.20981387137398272,0.017526729904467575,0.9718427770814336,291403,0.15459327819515897,0.25,S1,W29U_4C6ED1EB798517953D0DC778
0.42894590467925536,0.03150590359066929,0.9858219507676353,291403,0.11172193667293247,0.5,S1,W29U_4C6ED1EB798517953D0DC778
0.6432608694742428,0.04050321153244729,0.9948192587094133,291403,0.06979301413950212,0.75,S1,W29U_4C6ED1EB798517953D0DC778
0.7490140675749584,0.04298362781558396,0.99729967499255,291403,0.049103289298919606,1.0,S1,W29U_4C6ED1EB798517953D0DC778
0.0,0.0,0.9678602086487758,291403,0.20669842725387838,0.0,S1,W29U_75132999B0C6E0EEE43BA989
0.14693474415539892,0.008898228026321231,0.976758436675097,291403,0.1763272467278595,0.25,S1,W29U_75132999B0C6E0EEE43BA989
0.2821640588441785,0.015546208420980312,0.9834064170697561,291403,0.14837556006293373,0.5,S1,W29U_75132999B0C6E0EEE43BA989
0.40183880927570276,0.02007424742359032,0.9879344560723661,291403,0.12363897736661758,0.75,S1,W29U_75132999B0C6E0EEE43BA989
0.4953231544189416,0.022552834472971295,0.990413043121747,291403,0.10431591025255789,1.0,S1,W29U_75132999B0C6E0EEE43BA989
0.0,0.0,0.8131549546007143,291403,0.5343553314537987,0.0,S1,W29U_F6CAD417553B07D618F9E108
0.07771786078138593,0.03980059916722212,0.8529555537679364,291403,0.4928263781960033,0.25,S1,W29U_F6CAD417553B07D618F9E108
0.14126364704141298,0.06868170722238987,0.8818366618231042,291403,0.45887034851647074,0.5,S1,W29U_F6CAD417553B07D618F9E108
0.1853983887945232,0.08707064251273178,0.9002255971134461,291403,0.4352867139583156,0.75,S1,W29U_F6CAD417553B07D618F9E108
0.2064608232128294,0.09706481451703441,0.9102197691177487,291403,0.4240318898334766,1.0,S1,W29U_F6CAD417553B07D618F9E108
0.0,0.0,0.7362253667531705,291403,0.4131595327131211,0.0,S1,W29U_E5D1686A18607C9EE6DB4092
0.07004192720323452,0.018951771221391134,0.7551771379745617,291403,0.38422104279943625,0.25,S1,W29U_E5D1686A18607C9EE6DB4092
0.14746342318335587,0.041161081828515744,0.7773864485816863,291403,0.3522336136982611,0.5,S1,W29U_E5D1686A18607C9EE6DB4092
0.2553607545323391,0.09638369609357866,0.8326090628467492,291403,0.3076548026970145,0.75,S1,W29U_E5D1686A18607C9EE6DB4092
0.41873874143810863,0.2181110409882966,0.9543364077414671,291403,0.24015362997125297,1.0,S1,W29U_E5D1686A18607C9EE6DB4092
0.0,0.0,0.578265917132591,291403,0.5890004416059068,0.0,S1,W29U_93A1C9E34685B6807135F4C8
0.08689689141997571,0.05936302207848576,0.6376289392110768,291403,0.5378181341852737,0.25,S1,W29U_93A1C9E34685B6807135F4C8
0.13310332582806722,0.10174429747294345,0.6800102146055345,291403,0.5106025239138272,0.5,S1,W29U_93A1C9E34685B6807135F4C8
0.14474825243104958,0.12315333607926515,0.7014192532118562,291403,0.5037436570021906,0.75,S1,W29U_93A1C9E34685B6807135F4C8
0.1328709162309155,0.13043633179615433,0.7087022489287453,291403,0.5107394132691833,1.0,S1,W29U_93A1C9E34685B6807135F4C8
0.0,0.0,0.9699016918758189,291403,0.1910569822556205,0.0,S1,W29U_F2575FC5D972AB054D7C658A
0.1498816093105191,0.008330351703986993,0.9782320435798059,291403,0.16242105428498693,0.25,S1,W29U_F2575FC5D972AB054D7C658A
0.28523189518595354,0.014522492090314754,0.9844241839661336,291403,0.13656143711805555,0.5,S1,W29U_F2575FC5D972AB054D7C658A
0.4014211313079414,0.018645605740764792,0.9885472976165837,291403,0.11436267229388662,0.75,S1,W29U_F2575FC5D972AB054D7C658A
0.48508475739953344,0.02065057901759282,0.9905522708934117,291403,0.09837815236818079,1.0,S1,W29U_F2575FC5D972AB054D7C658A
0.0,0.0,0.6876570881252256,291403,0.5915150404216705,0.0,S1,W29U_0400BA4294543C5E4BC160A2
0.07668061533882024,0.03250345817727396,0.7201605463024996,291403,0.546157303139893,0.25,S1,W29U_0400BA4294543C5E4BC160A2
0.2123935228152397,0.12129417946928411,0.8089512675945097,291403,0.46588107718810057,0.5,S1,W29U_0400BA4294543C5E4BC160A2
0.4445939956835585,0.21274723638026072,0.9004043245054864,291403,0.3285310050932338,0.75,S1,W29U_0400BA4294543C5E4BC160A2
0.682435385158802,0.28204165738842457,0.9696987455136502,291403,0.18784424598360108,1.0,S1,W29U_0400BA4294543C5E4BC160A2
0.0,0.0,0.7953309565478179,291403,0.22489157403154028,0.0,S1,W29U_7A5126EDF2108BF759D41021
0.08710729488723787,0.008648042104456355,0.8039789986522743,291403,0.2053018773746327,0.25,S1,W29U_7A5126EDF2108BF759D41021
0.18506006051030693,0.01763989669247179,0.8129708532402897,291403,0.1832731257328202,0.5,S1,W29U_7A5126EDF2108BF759D41021
0.29700676552660604,0.028370671826940086,0.823701628374758,291403,0.15809725503394823,0.75,S1,W29U_7A5126EDF2108BF759D41021
0.4233852540451324,0.047473196051740385,0.8428041525995583,291403,0.1296757978271635,1.0,S1,W29U_7A5126EDF2108BF759D41021
0.0,0.0,0.9726402822185019,291403,0.17490015655363952,0.0,S1,W29U_4542EF183B2513200195497A
0.15277961041445384,0.00738955836044719,0.980029840578949,291403,0.1481789787737947,0.25,S1,W29U_4542EF183B2513200195497A
0.28675979958527154,0.01265551137067733,0.9852957935891792,291403,0.12474582271259847,0.5,S1,W29U_4542EF183B2513200195497A
0.3938381150692039,0.015773163744270513,0.9884134459627724,291403,0.10601780857085162,0.75,S1,W29U_4542EF183B2513200195497A
0.45476769094085395,0.01656656773510834,0.9892068499536102,291403,0.09536121621209225,1.0,S1,W29U_4542EF183B2513200195497A
0.0,0.0,0.9602265289485779,291403,0.2664681329805939,0.0,S1,W29U_1286685795C121BE6FFD658C
0.1072849906006986,0.010291193171959367,0.9705177221205372,291403,0.2378801018382779,0.25,S1,W29U_1286685795C121BE6FFD658C
0.22565232577006572,0.019278325366122617,0.9795048543147005,291403,0.2063389790296901,0.5,S1,W29U_1286685795C121BE6FFD658C
0.3498206242269043,0.026168436123500616,0.9863949650720785,291403,0.173252084364395,0.75,S1,W29U_1286685795C121BE6FFD658C
0.4640297531539781,0.030184272988888816,0.9904108019374667,291403,0.1428189910097435,1.0,S1,W29U_1286685795C121BE6FFD658C
0.0,0.0,0.9404377146573023,291403,0.28490881797506534,0.0,S1,W29U_1EDF61048BA683FEF104C62A
0.14140290478021186,0.017557356072375407,0.9579950707296777,291403,0.24462188351575306,0.25,S1,W29U_1EDF61048BA683FEF104C62A
0.27135681703955905,0.030336616188212928,0.9707743308455152,291403,0.20759686798257715,0.5,S1,W29U_1EDF61048BA683FEF104C62A
0.3754769668879851,0.038199008106646004,0.9786367227639483,291403,0.1779321191617713,0.75,S1,W29U_1EDF61048BA683FEF104C62A
0.43714165388932347,0.041310759869537805,0.9817484745268401,291403,0.16036330607735594,1.0,S1,W29U_1EDF61048BA683FEF104C62A
0.0,0.0,0.9043584827970974,291403,0.39127675491761355,0.0,S1,W29U_D215F181D8F005BABBB41D37
0.1220938039912698,0.02590463525395159,0.930263118051049,291403,0.34350428749624023,0.25,S1,W29U_D215F181D8F005BABBB41D37
0.24133679771093458,0.045653970459308524,0.9500124532564059,291403,0.2968472758668292,0.5,S1,W29U_D215F181D8F005BABBB41D37
0.3521983440521946,0.05877830285687913,0.9631367856539765,291403,0.2534697297691615,0.75,S1,W29U_D215F181D8F005BABBB41D37
0.4297740606000562,0.06275212622085746,0.9671106090179549,291403,0.223116155137828,1.0,S1,W29U_D215F181D8F005BABBB41D37
0.0,0.0,0.5776198795042555,291403,0.6077685913327802,0.0,S1,W29U_339AD37DFA36D01C73FDFF3C
0.11756271039975077,0.045017062711785405,0.6226369422160409,291403,0.5363176684397425,0.25,S1,W29U_339AD37DFA36D01C73FDFF3C
0.19404370535566004,0.21809498762572765,0.7957148671299832,291403,0.48983492187158356,0.5,S1,W29U_339AD37DFA36D01C73FDFF3C
0.3236451465757033,0.27439942664421113,0.8520193061484667,291403,0.41106723650645016,0.75,S1,W29U_339AD37DFA36D01C73FDFF3C
0.42599148193732944,0.31695931116345333,0.8945791906677089,291403,0.34886434843554,1.0,S1,W29U_339AD37DFA36D01C73FDFF3C
0.0,0.0,0.9693864526759762,291403,0.2662210101817068,0.0,S1,W29U_6E065B84AB4956262BB4BD6F
0.11686175177750019,0.008546302663845928,0.9779327553398222,291403,0.23510995657177997,0.25,S1,W29U_6E065B84AB4956262BB4BD6F
0.2405529368561709,0.015552302085171443,0.9849387547611477,291403,0.2021807643294401,0.5,S1,W29U_6E065B84AB4956262BB4BD6F
0.3637352242392238,0.020467027857892783,0.989853480533869,291403,0.16938705134570728,0.75,S1,W29U_6E065B84AB4956262BB4BD6F
0.4716588745716853,0.022839490005204688,0.9922259426811809,291403,0.14065550813159414,1.0,S1,W29U_6E065B84AB4956262BB4BD6F
0.0,0.0,0.5409198922294499,291403,0.8468337093259216,0.0,S1,W29U_927D329B3C584BE046A0AFEA
0.06269673829247022,0.08240933667681605,0.623329228906266,291403,0.7937399978750098,0.25,S1,W29U_927D329B3C584BE046A0AFEA
0.12691129289447797,0.14767830320212116,0.6885981954315711,291403,0.7393609484086154,0.5,S1,W29U_927D329B3C584BE046A0AFEA
0.19953767715663762,0.20573751298150367,0.7466574052109536,291403,0.6778584780288884,0.75,S1,W29U_927D329B3C584BE046A0AFEA
0.28748786183712105,0.26877067435582314,0.809690566585273,291403,0.6033792968999269,1.0,S1,W29U_927D329B3C584BE046A0AFEA
0.0,0.0,0.5330061733588197,291403,0.8631742537775985,0.0,S1,W29U_B497E36FB07F5FA1D12D6681
0.056559441295178495,0.07085641004825327,0.603862583407073,291403,0.8143536002434983,0.25,S1,W29U_B497E36FB07F5FA1D12D6681
0.11809437554047707,0.12788517191749904,0.6608913452763188,291403,0.7612382292949976,0.5,S1,W29U_B497E36FB07F5FA1D12D6681
0.20159818982313638,0.18948557709408276,0.7224917504529025,291403,0.6891598867138965,0.75,S1,W29U_B497E36FB07F5FA1D12D6681
0.30308215450051773,0.26150012883045326,0.794506302189273,291403,0.6015615412330042,1.0,S1,W29U_B497E36FB07F5FA1D12D6681
0.0,0.0,0.5686742991791461,291403,0.6229665313090273,0.0,S1,W29U_C262155F67E1F514B8FA68C7
0.13259248246203487,0.06236936848071373,0.6310436676598599,291403,0.5403658524318679,0.25,S1,W29U_C262155F67E1F514B8FA68C7
0.21516330902528746,0.22817581935031483,0.796850118529461,291403,0.4889269910203565,0.5,S1,W29U_C262155F67E1F514B8FA68C7
0.33688016411089516,0.30063403424959145,0.8693083334287376,291403,0.41310146400571024,0.75,S1,W29U_C262155F67E1F514B8FA68C7
0.4884161923138313,0.35336624815545525,0.9220405473346014,291403,0.3186995901476286,1.0,S1,W29U_C262155F67E1F514B8FA68C7
0.0,0.0,0.8605249809621114,291403,0.5127597639076444,0.0,S1,W29U_C9C26419E0818E40CBA4D6F3
0.1055680377496226,0.03359745397058489,0.8941224349326963,291403,0.4586287217948491,0.25,S1,W29U_C9C26419E0818E40CBA4D6F3
0.2355616304620167,0.0649687163816276,0.925493697343739,291403,0.3919732378860054,0.5,S1,W29U_C9C26419E0818E40CBA4D6F3
0.35544926606909505,0.0865495741666874,0.9470745551287988,291403,0.33049968215655434,0.75,S1,W29U_C9C26419E0818E40CBA4D6F3
0.4152159572198608,0.0951908637893194,0.9557158447514308,291403,0.2998537277124868,1.0,S1,W29U_C9C26419E0818E40CBA4D6F3
0.0,0.0,0.7213662645493458,291403,0.44356729966953223,0.0,S1,W29U_C37CB46A6C677AD0D2838FA4
0.06321641772768652,0.018136548269285457,0.7395028128186313,291403,0.41552656396321797,0.25,S1,W29U_C37CB46A6C677AD0D2838FA4
0.14272807383531924,0.04559921950036483,0.7669654840497107,291403,0.38025779337122334,0.5,S1,W29U_C37CB46A6C677AD0D2838FA4
0.2625496786317911,0.18589123544218256,0.9072574999915284,291403,0.32710884768946263,0.75,S1,W29U_C37CB46A6C677AD0D2838FA4
0.448367111075671,0.23266815912223493,0.9540344236715808,291403,0.24468631094861926,1.0,S1,W29U_C37CB46A6C677AD0D2838FA4
0.0,0.0,0.8676852934344609,291403,0.5162543363395248,0.0,S1,W29U_03C728A071DA819C6F3B21E4
0.10082789169312091,0.03119877678183902,0.8988840702162999,291403,0.46420150002887833,0.25,S1,W29U_03C728A071DA819C6F3B21E4
0.22811681361438202,0.06104410985341502,0.9287294032878759,291403,0.3984880421189168,0.5,S1,W29U_03C728A071DA819C6F3B21E4
0.35901454268057803,0.08298957415571329,0.9506748675901742,291403,0.33091152187136597,0.75,S1,W29U_03C728A071DA819C6F3B21E4
0.4544985224979576,0.09445621218688982,0.9621415056213507,291403,0.2816175032395926,1.0,S1,W29U_03C728A071DA819C6F3B21E4
0.0,0.0,0.5655745803686885,291403,0.6371421377607467,0.0,S1,W29U_C93146E96852E40F0233C116
0.1050799220533739,0.04712425375802487,0.6126988341267133,291403,0.5701912915878223,0.25,S1,W29U_C93146E96852E40F0233C116
0.17657924087685012,0.22406553998279477,0.7896401203514832,291403,0.524636062744124,0.5,S1,W29U_C93146E96852E40F0233C116
0.3425497452304303,0.29977850513699067,0.8653530855056791,291403,0.41888926079488864,0.75,S1,W29U_C93146E96852E40F0233C116
0.4881431584654864,0.3493716047780494,0.9149461851467379,291403,0.3261255622422756,1.0,S1,W29U_C93146E96852E40F0233C116
0.0,0.0,0.9022177726745819,291403,0.36647947471378883,0.0,S1,W29U_3F4110C5508739D0A0562757
0.12007012573712202,0.024822644525561377,0.9270404172001433,291403,0.3224762381047097,0.25,S1,W29U_3F4110C5508739D0A0562757
0.23918635475585764,0.04497902258328712,0.947196795257869,291403,0.278822585063917,0.5,S1,W29U_3F4110C5508739D0A0562757
0.354069702243701,0.059898329736841394,0.9621161024114233,291403,0.23672019622309562,0.75,S1,W29U_3F4110C5508739D0A0562757
0.4433725081447604,0.0670897362516607,0.9693075089262426,291403,0.2039925508259186,1.0,S1,W29U_3F4110C5508739D0A0562757
0.0,0.0,0.9624465938666356,291403,0.29466275560180605,0.0,S1,W29U_5225D08BCA1DB372E74B864E
0.13568563209400722,0.011874479795803028,0.9743210736624386,291403,0.25468125335327735,0.25,S1,W29U_5225D08BCA1DB372E74B864E
0.2826082181214954,0.021399361745648715,0.9838459556122843,291403,0.21138863929412735,0.5,S1,W29U_5225D08BCA1DB372E74B864E
0.4240641749863994,0.027619867938175724,0.9900664618048113,291403,0.16970683724788307,0.75,S1,W29U_5225D08BCA1DB372E74B864E
0.5213506936101028,0.029905301782570115,0.9923518956492057,291403,0.14104012358721893,1.0,S1,W29U_5225D08BCA1DB372E74B864E
0.0,0.0,0.8667143284699279,291403,0.5131258201736277,0.0,S1,W29U_3B1DE5598F0CCCE7F61AFBE1
0.09624254819889935,0.0306379476655525,0.8973522761354804,291403,0.46374128369337136,0.25,S1,W29U_3B1DE5598F0CCCE7F61AFBE1
0.2172675609565165,0.06112669809286331,0.9278410265627912,291403,0.4016402247604743,0.5,S1,W29U_3B1DE5598F0CCCE7F61AFBE1
0.34426811687441417,0.08610906582972944,0.9528233942996573,291403,0.3364729603424694,0.75,S1,W29U_3B1DE5598F0CCCE7F61AFBE1
0.4460490978649277,0.10068769940003097,0.9674020278699589,291403,0.28424651099353393,1.0,S1,W29U_3B1DE5598F0CCCE7F61AFBE1
0.0,0.0,0.8282194000703,291403,0.41509314393238916,0.0,S1,W29U_E8621BBB9863314435A966E1
0.0666318364364644,0.019029744311707564,0.8472491443820076,291403,0.3874347254599218,0.25,S1,W29U_E8621BBB9863314435A966E1
0.11647786219106736,0.03272995268669421,0.8609493527569942,291403,0.366743981916859,0.5,S1,W29U_E8621BBB9863314435A966E1
0.1487358449668723,0.041194385680922374,0.8694137857512224,291403,0.353353914429501,0.75,S1,W29U_E8621BBB9863314435A966E1
0.16271112534028956,0.044179495831938476,0.8723988959022385,291403,0.3475528713619486,1.0,S1,W29U_E8621BBB9863314435A966E1
0.0,0.0,0.8703556920032146,291403,0.5212717294115549,0.0,S1,W29U_0BDB0E4B75075FE966B69FDA
0.09178232874847347,0.028936652995417367,0.899292344998632,291403,0.47342819617532644,0.25,S1,W29U_0BDB0E4B75075FE966B69FDA
0.20934129809664032,0.05808065669160134,0.928436348694816,291403,0.41214802891525,0.5,S1,W29U_0BDB0E4B75075FE966B69FDA
0.340550975412405,0.08274171676150022,0.9530974087647148,291403,0.34375213350519807,0.75,S1,W29U_0BDB0E4B75075FE966B69FDA
0.4608043746488205,0.09948287637085185,0.9698385683740665,291403,0.28106743611749335,1.0,S1,W29U_0BDB0E4B75075FE966B69FDA
0.0,0.0,0.8524955540586647,291403,0.5501459324486494,0.0,S1,W29U_099BE3736653346E3715B34A
0.1099212065104741,0.03673450273963563,0.8892300567983004,291403,0.48967322779695416,0.25,S1,W29U_099BE3736653346E3715B34A
0.24198017370259287,0.07073397706854956,0.9232295311272143,291403,0.4170215241527083,0.5,S1,W29U_099BE3736653346E3715B34A
0.36357137597103845,0.09609221785905298,0.9485877719177177,291403,0.3501286188030604,0.75,S1,W29U_099BE3736653346E3715B34A
0.44811238286997945,0.10609833607156893,0.9585938901302337,291403,0.3036187277324103,1.0,S1,W29U_099BE3736653346E3715B34A
0.0,0.0,0.962589069739122,291403,0.25899205848303175,0.0,S1,W29U_32F562E65836D385C8CB4933
0.17292333287313272,0.01274520300371218,0.9753342727428341,291403,0.21420628854229967,0.25,S1,W29U_32F562E65836D385C8CB4933
0.358297876842032,0.02260326091467124,0.9851923306537932,291403,0.1661957538092558,0.5,S1,W29U_32F562E65836D385C8CB4933
0.532267053247198,0.028634968961709473,0.9912240387008314,291403,0.12113911869931021,0.75,S1,W29U_32F562E65836D385C8CB4933
0.6306598314038784,0.030055527366680934,0.9926445971058029,291403,0.0956561705445489,1.0,S1,W29U_32F562E65836D385C8CB4933
0.0,0.0,0.9634439019523675,291403,0.3007662318960873,0.0,S1,W29U_BFAD2644EFC4F67B5A47D53E
0.13948101747220648,0.011790970295156522,0.975234872247524,291403,0.25881505184979997,0.25,S1,W29U_BFAD2644EFC4F67B5A47D53E
0.2893019752063897,0.021093803458337224,0.9845377054107047,291403,0.2137539669328769,0.5,S1,W29U_BFAD2644EFC4F67B5A47D53E
0.4344423241352841,0.027192693627110076,0.9906365955794776,291403,0.1701006510893049,0.75,S1,W29U_BFAD2644EFC4F67B5A47D53E
0.5422551827108901,0.02968867457993185,0.9931325765322994,291403,0.1376741838654663,1.0,S1,W29U_BFAD2644EFC4F67B5A47D53E
0.0,0.0,0.9570716609269765,291403,0.2820188863975877,0.0,S1,W29U_06C75BD11D18D5EDD00EABD8
0.1172269988551945,0.011531181472591023,0.9686028423995675,291403,0.24895865872459724,0.25,S1,W29U_06C75BD11D18D5EDD00EABD8
0.24857593471306264,0.02159763639151402,0.9786692973184905,291403,0.21191577810432174,0.5,S1,W29U_06C75BD11D18D5EDD00EABD8
0.38548071954902247,0.02918534803922168,0.9862570089661982,291403,0.1733060431422461,0.75,S1,W29U_06C75BD11D18D5EDD00EABD8
0.5026858517961006,0.0333495254981544,0.9904211864251309,291403,0.14025198226572594,1.0,S1,W29U_06C75BD11D18D5EDD00EABD8
0.0,0.0,0.5321466066827903,291403,0.8871728469612571,0.0,S2,W29U_326073E5F43273FC845408A0
-0.020024372403096277,0.021924310241795975,0.5540709169245863,291403,0.9049379264347445,0.25,S2,W29U_326073E5F43273FC845408A0
-0.3636644111859215,0.0729307814070661,0.6050773880898564,291403,1.209806037971924,0.5,S2,W29U_326073E5F43273FC845408A0
-0.3146546404743779,0.14721570704301112,0.6793623137258015,291403,1.1663259001607964,0.75,S2,W29U_326073E5F43273FC845408A0
-0.32796944235549175,0.19536877900985794,0.7275153856926483,291403,1.1781384308524026,1.0,S2,W29U_326073E5F43273FC845408A0
0.0,0.0,0.9557225245465382,291403,0.957004817438069,0.0,S2,W29U_76811E4D88E5C2FA3ACD9DD3
-0.6954113559292115,0.00664913405347578,0.962371658600014,291403,1.6225168351641595,0.25,S2,W29U_76811E4D88E5C2FA3ACD9DD3
-0.6468665969743462,0.011771937634965646,0.9674944621815038,291403,1.576059266982935,0.5,S2,W29U_76811E4D88E5C2FA3ACD9DD3
0.49023975822612437,0.028662679645498068,0.9843852041920362,291403,0.48784300711550355,0.75,S2,W29U_76811E4D88E5C2FA3ACD9DD3
0.9393920239666077,0.04235603648309216,0.9980785610296303,291403,0.05800212503818809,1.0,S2,W29U_76811E4D88E5C2FA3ACD9DD3
0.0,0.0,0.8089954234496056,291403,0.8628863918156379,0.0,S2,W29U_7091BA5B54BA708C00866B17
-0.3472555238421077,0.03183577852776309,0.8408312019773687,291403,1.1625284578221506,0.25,S2,W29U_7091BA5B54BA708C00866B17
0.0025902477729384888,0.061158196345100335,0.870153619794706,291403,0.8606513022609359,0.5,S2,W29U_7091BA5B54BA708C00866B17
0.29276716707195033,0.0949765865569252,0.9039720100065308,291403,0.6102615873785439,0.75,S2,W29U_7091BA5B54BA708C00866B17
-0.04124144352472409,0.11954317357796695,0.9285385970275726,291403,0.8984730722119967,1.0,S2,W29U_7091BA5B54BA708C00866B17
0.0,0.0,0.6390223974815918,291403,0.8965087967215669,0.0,S2,W29U_F7AB4F136A77970A34D1A43F
-0.08665460647956667,0.025907591171432154,0.664929988653024,291403,0.9741954137070308,0.25,S2,W29U_F7AB4F136A77970A34D1A43F
-0.21542564841461137,0.0397110122580816,0.6787334097396734,291403,1.089639785564929,0.5,S2,W29U_F7AB4F136A77970A34D1A43F
-0.2495020695951705,0.0481946877421815,0.6872170852237733,291403,1.1201895969141233,0.75,S2,W29U_F7AB4F136A77970A34D1A43F
-0.18457592062113362,0.05593397981769632,0.6949563772992882,291403,1.0619827332215794,1.0,S2,W29U_F7AB4F136A77970A34D1A43F
0.0,0.0,0.7340613735679158,291403,1.0310345060527828,0.0,S2,W29U_8E712C01124CEB485ECD2748
-0.09626109189276004,0.07024175658121434,0.8043031301491301,291403,1.1302830133846324,0.25,S2,W29U_8E712C01124CEB485ECD2748
0.5927943331099348,0.17736721514878484,0.9114285887167006,291403,0.4198430936232995,0.5,S2,W29U_8E712C01124CEB485ECD2748
0.7824433656687507,0.23599204056602296,0.9700534141339388,291403,0.22430839701544292,0.75,S2,W29U_8E712C01124CEB485ECD2748
0.9027069193095281,0.25796247202594913,0.9920238455938649,291403,0.10031252339115153,1.0,S2,W29U_8E712C01124CEB485ECD2748
0.0,0.0,0.9760115028790897,291403,1.42777838644005,0.0,S2,W29U_FA9D93D425F5C70A742F5E9C
-0.002985993200163659,0.00719197718379494,0.9832034800628846,291403,1.4320417229933036,0.25,S2,W29U_FA9D93D425F5C70A742F5E9C
0.38172916762191367,0.009141014622918053,0.9851525175020077,291403,0.882753731435349,0.5,S2,W29U_FA9D93D425F5C70A742F5E9C
0.6830340405360618,0.019507071147185973,0.9955185740262756,291403,0.4525571461591609,0.75,S2,W29U_FA9D93D425F5C70A742F5E9C
0.7692773017778021,0.020819435768061112,0.9968309386471508,291403,0.32942088178201495,1.0,S2,W29U_FA9D93D425F5C70A742F5E9C
0.0,0.0,0.7381684357299864,291403,1.137497836087586,0.0,S2,W29U_A95DCDBC237EC90DA99443C6
-0.12977115409891146,0.07771719020981005,0.8158856259397964,291403,1.2851122430618163,0.25,S2,W29U_A95DCDBC237EC90DA99443C6
-0.19198505752748427,0.1306140448400721,0.8687824805700585,291403,1.3558804235864421,0.5,S2,W29U_A95DCDBC237EC90DA99443C6
0.036992815692944984,0.14964405116092405,0.8878124868909104,291403,1.0954185882860372,0.75,S2,W29U_A95DCDBC237EC90DA99443C6
0.354909429539085,0.14470190849544806,0.8828703442254344,291403,0.7337891279794423,1.0,S2,W29U_A95DCDBC237EC90DA99443C6
0.0,0.0,0.9345241616288544,291403,0.6056315680579343,0.0,S2,W29U_75056D080DB9B6E897E24389
-0.010104400028643658,0.005018168016237001,0.9395423296450914,291403,0.6117511116915765,0.25,S2,W29U_75056D080DB9B6E897E24389
-0.05560842592564163,0.007896427229185932,0.9424205888580404,291403,0.6393097862485697,0.5,S2,W29U_75056D080DB9B6E897E24389
-0.12606994732570787,0.009209234987942683,0.9437333966167971,291403,0.68198350794191,0.75,S2,W29U_75056D080DB9B6E897E24389
-0.20940504947971153,0.009157648101344007,0.9436818097301984,291403,0.7324538765337907,1.0,S2,W29U_75056D080DB9B6E897E24389
0.0,0.0,0.9567777071146678,291403,0.6207798795484656,0.0,S2,W29U_5D3E6C4B86EA4699F1BA5BC9
0.7308483391516614,0.028818925999878453,0.9855966331145463,291403,0.1670839356009703,0.25,S2,W29U_5D3E6C4B86EA4699F1BA5BC9
0.8508226951766251,0.03738610892705585,0.9941638160417237,291403,0.09260626931876857,0.5,S2,W29U_5D3E6C4B86EA4699F1BA5BC9
0.9306470827882876,0.04183088896378817,0.998608596078456,291403,0.04305289559209087,0.75,S2,W29U_5D3E6C4B86EA4699F1BA5BC9
0.9252497714274207,0.04198985093399099,0.9987675580486588,291403,0.046403437888580853,1.0,S2,W29U_5D3E6C4B86EA4699F1BA5BC9
0.0,0.0,0.8737328152735693,291403,1.5309544227183542,0.0,S2,W29U_F0BEB3AB1E28EE7E91693942
-0.08416537280408198,0.0456597776090899,0.9193925928826592,291403,1.6598077724525868,0.25,S2,W29U_F0BEB3AB1E28EE7E91693942
0.8660185107989627,0.1040074572342049,0.9777402725077742,291403,0.20511955345385327,0.5,S2,W29U_F0BEB3AB1E28EE7E91693942
0.9531613477309093,0.12265860656350513,0.9963914218370744,291403,0.07170784184457829,0.75,S2,W29U_F0BEB3AB1E28EE7E91693942
0.965976466527965,0.12449522612319985,0.9982280413967691,291403,0.052088479044551876,1.0,S2,W29U_F0BEB3AB1E28EE7E91693942
0.0,0.0,0.9146792016630165,291403,0.9434486241255337,0.0,S2,W29U_5D7544863F07E544752F14A3
-0.15265406346092006,0.025392797425691893,0.9400719990887084,291403,1.0874698902650632,0.25,S2,W29U_5D7544863F07E544752F14A3
-0.10099475351101503,0.0446226277024655,0.959301829365482,291403,1.0387319853694992,0.5,S2,W29U_5D7544863F07E544752F14A3
0.14255992701127887,0.057327313953903336,0.9720065156169199,291403,0.8089506571311635,0.75,S2,W29U_5D7544863F07E544752F14A3
0.4169996410047876,0.06815061839287972,0.9828298200558963,291403,0.5500308865583083,1.0,S2,W29U_5D7544863F07E544752F14A3
0.0,0.0,0.74500035917142,291403,0.9349013733164725,0.0,S2,W29U_894380770DDE02AAD0312DF3
0.43405541735554143,0.10978935390128253,0.8547897130727026,291403,0.5291023675348882,0.25,S2,W29U_894380770DDE02AAD0312DF3
0.5836138640401645,0.1872988787648513,0.9322992379362713,291403,0.3892799703382061,0.5,S2,W29U_894380770DDE02AAD0312DF3
0.7649419225947962,0.2331875763462421,0.9781879355176621,291403,0.21975611937448986,0.75,S2,W29U_894380770DDE02AAD0312DF3
0.8641590665191343,0.23793306824797034,0.9829334274193904,291403,0.1269978752629888,1.0,S2,W29U_894380770DDE02AAD0312DF3
0.0,0.0,0.9786652032605442,291403,0.7077059294031238,0.0,S2,W29U_B580C1E61BF9DD2D208CAADD
-0.0964316249576558,0.008436807635879062,0.9871020108964232,291403,0.7759511621677315,0.25,S2,W29U_B580C1E61BF9DD2D208CAADD
-0.6206588661036897,0.014750330439940673,0.9934155337004849,291403,1.1469498890819452,0.5,S2,W29U_B580C1E61BF9DD2D208CAADD
0.6069863761169499,0.018939733494384492,0.9976049367549287,291403,0.2781380719576367,0.75,S2,W29U_B580C1E61BF9DD2D208CAADD
0.2534868079475371,0.016739723144991392,0.9954049264055356,291403,0.5283118123929275,1.0,S2,W29U_B580C1E61BF9DD2D208CAADD
0.0,0.0,0.7026560566291733,291403,1.151863221178484,0.0,S2,W29U_2341959B2E16642BC6F095EA
-0.03153998808334489,0.02790778966920171,0.730563846298375,291403,1.1881929734481282,0.25,S2,W29U_2341959B2E16642BC6F095EA
0.006448385252277002,0.06804438377328115,0.7707004404024544,291403,1.14443556337039,0.5,S2,W29U_2341959B2E16642BC6F095EA
0.0530170685359277,0.14140676856686007,0.8440628251960334,291403,1.090794809837197,0.75,S2,W29U_2341959B2E16642BC6F095EA
0.03748358098874903,0.22418509153703126,0.9268411481662046,291403,1.1086872628394415,1.0,S2,W29U_2341959B2E16642BC6F095EA
0.0,0.0,0.7369765174407459,291403,1.3758131966326386,0.0,S2,W29U_892DA025ACDFF84933321F20
0.02048719233160147,0.11432663799245157,0.8513031554331975,291403,1.3476266470608498,0.25,S2,W29U_892DA025ACDFF84933321F20
-0.05937506200839351,0.17766563713920625,0.9146421545799521,291403,1.457502190494727,0.5,S2,W29U_892DA025ACDFF84933321F20
0.03000319355935379,0.20726900563544426,0.9442455230761901,291403,1.3345344069925262,0.75,S2,W29U_892DA025ACDFF84933321F20
0.03647655226730648,0.19044618407246294,0.9274227015132088,291403,1.3256282746555816,1.0,S2,W29U_892DA025ACDFF84933321F20
0.0,0.0,0.8876701231643249,291403,1.7105493622279355,0.0,S2,W29U_73065A553DFE906571964300
0.3830415390049171,0.03560483647776813,0.923274959642093,291403,1.0553379019758846,0.25,S2,W29U_73065A553DFE906571964300
0.38305604369590596,0.055258284858185625,0.9429284080225105,291403,1.0553130909859643,0.5,S2,W29U_73065A553DFE906571964300
0.9241909100208829,0.1039791825323334,0.9916493056966583,291403,0.12967519051393459,0.75,S2,W29U_73065A553DFE906571964300
0.9473156095404845,0.10697784214331996,0.9946479653076449,291403,0.0901192504989444,1.0,S2,W29U_73065A553DFE906571964300
0.0,0.0,0.6440344625904586,291403,0.8130234845635745,0.0,S2,W29U_C60ABF0DB56F7FBB9895074C
-0.2138007503671162,0.050941860373562964,0.6949763229640216,291403,0.9868485156295681,0.25,S2,W29U_C60ABF0DB56F7FBB9895074C
-0.33077044216114,0.09718597549603158,0.7412204380864902,291403,1.0819476220403896,0.5,S2,W29U_C60ABF0DB56F7FBB9895074C
0.17713648644760732,0.13246240307886226,0.7764968656693209,291403,0.6690073611084153,0.75,S2,W29U_C60ABF0DB56F7FBB9895074C
0.4389120160207792,0.20336437859126022,0.8473988411817188,291403,0.45617770788109824,1.0,S2,W29U_C60ABF0DB56F7FBB9895074C
0.0,0.0,0.6800057333700276,291403,1.5585867662233635,0.0,S2,W29U_3DF0E7AAB226AAD308C16CE9
0.08561614161437718,0.10927611726645958,0.7892818506364871,291403,1.4251465809280042,0.25,S2,W29U_3DF0E7AAB226AAD308C16CE9
-0.2051295534483231,0.1868221846162874,0.866827917986315,291403,1.878298973589433,0.5,S2,W29U_3DF0E7AAB226AAD308C16CE9
0.6464332307034648,0.2377462826364647,0.9177520160064923,291403,0.5510644876012822,0.75,S2,W29U_3DF0E7AAB226AAD308C16CE9
0.09368885782755579,0.236476535427821,0.9164822687978486,291403,1.4125645522706591,1.0,S2,W29U_3DF0E7AAB226AAD308C16CE9
0.0,0.0,0.9076783724749391,291403,1.0707910920351147,0.0,S2,W29U_BFB40E437B015FF1CAF06607
-0.01400973955765262,0.02649707107386412,0.9341754435488032,291403,1.085792596355195,0.25,S2,W29U_BFB40E437B015FF1CAF06607
0.10659712279857694,0.04698745441254326,0.9546658268874824,291403,0.9566478425057187,0.5,S2,W29U_BFB40E437B015FF1CAF06607
0.2620039911313651,0.05964366706242963,0.9673220395373687,291403,0.7902395522537398,0.75,S2,W29U_BFB40E437B015FF1CAF06607
0.43681435411021324,0.07277147948880325,0.9804498519637423,291403,0.6030541727803893,1.0,S2,W29U_BFB40E437B015FF1CAF06607
0.0,0.0,0.6432812948093746,291403,1.3666627028796217,0.0,S2,W29U_CEE8A1F4EEDE37ED7EE387BD
-0.0029202732998561665,0.12452979030125821,0.7678110851106328,291403,1.3706537314807532,0.25,S2,W29U_CEE8A1F4EEDE37ED7EE387BD
-0.0055798254709555975,0.24674182042855497,0.8900231152379295,291403,1.37428844223936,0.5,S2,W29U_CEE8A1F4EEDE37ED7EE387BD
0.5525402516803315,0.323768722654568,0.9670500174639426,291403,0.6115265490678408,0.75,S2,W29U_CEE8A1F4EEDE37ED7EE387BD
0.5231394795972143,0.33189239846528173,0.9751736932746563,291403,0.6517074877097309,1.0,S2,W29U_CEE8A1F4EEDE37ED7EE387BD
0.0,0.0,0.9775514749471178,291403,1.1996983220339141,0.0,S2,W29U_FDC8D87187069F82ADEA16CB
-0.04476019655102081,0.0076655763935417065,0.9852170513406595,291403,1.2533970547301267,0.25,S2,W29U_FDC8D87187069F82ADEA16CB
0.012108613095762884,0.009041970254524023,0.9865934452016418,291403,1.1851716392207574,0.5,S2,W29U_FDC8D87187069F82ADEA16CB
0.6763754371369508,0.02007451991104159,0.9976259948581594,291403,0.3882518450350827,0.75,S2,W29U_FDC8D87187069F82ADEA16CB
0.5975762369705652,0.01785542324673084,0.9954068981938486,291403,0.4827871132523888,1.0,S2,W29U_FDC8D87187069F82ADEA16CB
0.0,0.0,0.9312112799687435,291403,0.6814165931955888,0.0,S2,W29U_930765BC222C77ED6DA8FCF1
0.18094946830522526,0.01272899541930872,0.9439402753880523,291403,0.5581146229623081,0.25,S2,W29U_930765BC222C77ED6DA8FCF1
0.33425180058426746,0.022038119797075373,0.9532493997658189,291403,0.4536518699716317,0.5,S2,W29U_930765BC222C77ED6DA8FCF1
0.4081524465091783,0.029098125221875493,0.960309405190619,291403,0.4032947435904516,0.75,S2,W29U_930765BC222C77ED6DA8FCF1
0.3573081504311851,0.035340648101088945,0.9665519280698325,291403,0.4379408906073964,1.0,S2,W29U_930765BC222C77ED6DA8FCF1
0.0,0.0,0.7378358269663033,291403,1.065440546394993,0.0,S2,W29U_8554CD43CD3B32615F3A644F
0.49032166980542197,0.1030073762236926,0.840843203189996,291403,0.5430319586077085,0.25,S2,W29U_8554CD43CD3B32615F3A644F
0.6275143487200844,0.19124755186856157,0.9290833788348649,291403,0.39686131582334055,0.5,S2,W29U_8554CD43CD3B32615F3A644F
0.7953159865556467,0.24188825402243042,0.9797240809887338,291403,0.21807864712167652,0.75,S2,W29U_8554CD43CD3B32615F3A644F
0.9008740621378887,0.25094012585508174,0.9887759528213851,291403,0.10561279339682308,1.0,S2,W29U_8554CD43CD3B32615F3A644F
0.0,0.0,0.6608330484093364,291403,1.4828160104876462,0.0,S2,W29U_3312DE18215FD10EB1066B20
0.29911689005674863,0.07031484536408927,0.7311478937734257,291403,1.0392806969039272,0.25,S2,W29U_3312DE18215FD10EB1066B20
0.4529020354263813,0.16055804043581723,0.8213910888451537,291403,0.8112456211745119,0.5,S2,W29U_3312DE18215FD10EB1066B20
0.08229369181505906,0.23085367730010953,0.891686725709446,291403,1.3607896067020582,0.75,S2,W29U_3312DE18215FD10EB1066B20
0.8330984105868038,0.2735210364835734,0.9343540848929098,291403,0.2474843489568896,1.0,S2,W29U_3312DE18215FD10EB1066B20
0.0,0.0,0.9776957384103298,291403,1.1039949292373799,0.0,S2,W29U_A2599D3295EC0563B06B9904
-0.4166176203816505,0.00822772383359116,0.9859234622439209,291403,1.5639386695700823,0.25,S2,W29U_A2599D3295EC0563B06B9904
0.09769478946647112,0.014506173088970287,0.9922019114993,291403,0.9961403770533847,0.5,S2,W29U_A2599D3295EC0563B06B9904
0.7001959644773122,0.01903317926771686,0.9967289176780466,291403,0.33098213498125034,0.75,S2,W29U_A2599D3295EC0563B06B9904
0.6084424610756108,0.019772284668932993,0.9974680230792627,291403,0.43227753747658515,1.0,S2,W29U_A2599D3295EC0563B06B9904
0.0,0.0,0.9689350401323376,291403,1.3715029466923794,0.0,S2,W29U_61CA805816309171BA652E24
0.0669101718275628,0.011586447164156466,0.980521487296494,291403,1.2797354488671167,0.25,S2,W29U_61CA805816309171BA652E24
0.03432343161764363,0.017921762016057663,0.9868568021483952,291403,1.3244282590881524,0.5,S2,W29U_61CA805816309171BA652E24
0.11644150746468661,0.019820749527593162,0.9887557896599307,291403,1.2118030760871425,0.75,S2,W29U_61CA805816309171BA652E24
0.2511245796962826,0.022845674886348366,0.9917807150186859,291403,1.0270848456517914,1.0,S2,W29U_61CA805816309171BA652E24
0.0,0.0,0.9799411375238196,291403,0.8212736120452606,0.0,S2,W29U_4A949BC43B7EBA039FBCF755
-0.17117117386860373,0.007966520697233581,0.9879076582210532,291403,0.9618519802865273,0.25,S2,W29U_4A949BC43B7EBA039FBCF755
-0.48600766955675273,0.013514468333609031,0.9934556058574286,291403,1.2204188863043204,0.5,S2,W29U_4A949BC43B7EBA039FBCF755
0.42091808099107797,0.017548437554750107,0.9974895750785697,291403,0.47558469929413755,0.75,S2,W29U_4A949BC43B7EBA039FBCF755
0.4568025516818218,0.016691413606300443,0.9966325511301201,291403,0.44611373043358216,1.0,S2,W29U_4A949BC43B7EBA039FBCF755
0.0,0.0,0.9695122539662625,291403,1.3327947639107123,0.0,S2,W29U_BAEA92E0AF8EFDA4A5D1A272
0.31469927644320805,0.018993825101739192,0.9885060790680017,291403,0.9133652160604001,0.25,S2,W29U_BAEA92E0AF8EFDA4A5D1A272
0.7324347322684633,0.024516279705078414,0.9940285336713409,291403,0.3566095878362274,0.5,S2,W29U_BAEA92E0AF8EFDA4A5D1A272
0.34534070559439706,0.02812609033051028,0.9976383442967728,291403,0.8725264797289237,0.75,S2,W29U_BAEA92E0AF8EFDA4A5D1A272
0.5313992006806254,0.027984777064570143,0.9974970310308326,291403,0.6245486916967055,1.0,S2,W29U_BAEA92E0AF8EFDA4A5D1A272
0.0,0.0,0.495497578231111,291403,0.9613784670967417,0.0,S2,W29U_7B66010E91B04E7D027A4DB1
-0.011038613074655718,0.04378344852671662,0.5392810267578276,291403,0.9719907520133393,0.25,S2,W29U_7B66010E91B04E7D027A4DB1
-0.11863714351902149,0.07218924193753212,0.5676868201686431,291403,1.0754336622739133,0.5,S2,W29U_7B66010E91B04E7D027A4DB1
-0.27069429049898824,0.09400074138068443,0.5894983196117954,291403,1.2216181291487698,0.75,S2,W29U_7B66010E91B04E7D027A4DB1
-0.19654468353911564,0.11251469695960398,0.608012275190715,291403,1.1503322936737874,1.0,S2,W29U_7B66010E91B04E7D027A4DB1
0.0,0.0,0.939794599702191,291403,1.1345650946269021,0.0,S2,W29U_C1EEFD3EC60839B7FC16C567
-0.23049500098668688,0.025695366488633797,0.9654899661908248,291403,1.396076677232621,0.25,S2,W29U_C1EEFD3EC60839B7FC16C567
0.3070133830798655,0.04122303700153185,0.9810176367037229,291403,0.7862384266008622,0.5,S2,W29U_C1EEFD3EC60839B7FC16C567
-0.3592357483012985,0.04528564304475424,0.9850802427469453,291403,1.5421414353920901,0.75,S2,W29U_C1EEFD3EC60839B7FC16C567
0.8797985258544112,0.04155996579718657,0.9813545654993776,291403,0.1363763968874032,1.0,S2,W29U_C1EEFD3EC60839B7FC16C567
0.0,0.0,0.6677792955074238,291403,1.7550331119901639,0.0,S2,W29U_845964ADB660A765D929E61B
0.1178719923006285,0.0692230768160721,0.7370023723234959,291403,1.5481638625261933,0.25,S2,W29U_845964ADB660A765D929E61B
0.6563104455538501,0.1321896617820959,0.7999689572895197,291403,0.6031865482974831,0.5,S2,W29U_845964ADB660A765D929E61B
0.15039549648886855,0.2090538319340477,0.8768331274414715,291403,1.4910840357578488,0.75,S2,W29U_845964ADB660A765D929E61B
0.8650493643698137,0.261521807038699,0.9293011025461227,291403,0.23684283401423148,1.0,S2,W29U_845964ADB660A765D929E61B
0.0,0.0,0.9058072939277048,291403,0.9008270858108928,0.0,S2,W29U_35C707ACB41E5A2BB2C7F4F4
-0.9584582309592604,0.016866422204159348,0.9226737161318641,291403,1.7642322208783454,0.25,S2,W29U_35C707ACB41E5A2BB2C7F4F4
-0.23505933125143683,0.04591298339549754,0.9517202773232023,291403,1.112574898175017,0.5,S2,W29U_35C707ACB41E5A2BB2C7F4F4
-0.18709569162597806,0.05300227913119304,0.9588095730588978,291403,1.0693679524662831,0.75,S2,W29U_35C707ACB41E5A2BB2C7F4F4
0.8641627122238196,0.08435000538356119,0.990157299311266,291403,0.12236590809100806,1.0,S2,W29U_35C707ACB41E5A2BB2C7F4F4
0.0,0.0,0.8902839202795838,291403,1.8015258120838302,0.0,S2,W29U_949CC7C8E67B372BAFDBC304
0.38195430740379344,0.03511777598659194,0.9254016962661757,291403,1.1134252682589123,0.25,S2,W29U_949CC7C8E67B372BAFDBC304
0.45839549652944656,0.05577434010062898,0.9460582603802128,291403,0.97571449294259,0.5,S2,W29U_949CC7C8E67B372BAFDBC304
0.9323587795902148,0.10298140236182907,0.9932653226414129,291403,0.12185740452814701,0.75,S2,W29U_949CC7C8E67B372BAFDBC304
0.952109484748221,0.10522967380457815,0.995513594084162,291403,0.0862759993791221,1.0,S2,W29U_949CC7C8E67B372BAFDBC304
0.0,0.0,0.9815253191537087,291403,0.7492709270731261,0.0,S2,W29U_66B630D7911A20329B5E4CE5
-0.5756172671598744,0.006251821527621715,0.9877771406813304,291403,1.1805642104778802,0.25,S2,W29U_66B630D7911A20329B5E4CE5
-0.8142932188140595,0.012440861557054594,0.9939661807107633,291403,1.3593971620441108,0.5,S2,W29U_66B630D7911A20329B5E4CE5
0.30860494557819906,0.016933957794716403,0.9984592769484251,291403,0.5180422134000887,0.75,S2,W29U_66B630D7911A20329B5E4CE5
0.5619550460183463,0.016171980113628304,0.997697299267337,291403,0.3282143487689766,1.0,S2,W29U_66B630D7911A20329B5E4CE5
0.0,0.0,0.9508990397125388,291403,1.7023853711435624,0.0,S2,W29U_4AB8314629FC2762CF312EFA
0.18346020109283634,0.006659628060845746,0.9575586677733845,291403,1.3900654086158781,0.25,S2,W29U_4AB8314629FC2762CF312EFA
0.7539455159793221,0.03307314431513708,0.9839721840276758,291403,0.41887955410032535,0.5,S2,W29U_4AB8314629FC2762CF312EFA
0.9605008365196414,0.0477022404675016,0.9986012801800404,291403,0.06724279808040992,0.75,S2,W29U_4AB8314629FC2762CF312EFA
0.9641611564618646,0.047408240220564446,0.9983072799331032,291403,0.06101152295706052,1.0,S2,W29U_4AB8314629FC2762CF312EFA
0.0,0.0,0.765890462690733,291403,0.9587135875898142,0.0,S2,W29U_350A2A50D509582EE77C5BC2
-0.14157906973109533,0.03085489039998146,0.7967453530907145,291403,1.0944473654594826,0.25,S2,W29U_350A2A50D509582EE77C5BC2
0.12805553858066082,0.06669896203420511,0.8325894247249381,291403,0.8359450027862749,0.5,S2,W29U_350A2A50D509582EE77C5BC2
0.2536007774779105,0.11334557440220006,0.8792360370929331,291403,0.7155830763981469,0.75,S2,W29U_350A2A50D509582EE77C5BC2
0.11206490494267626,0.1507707359774817,0.9166611986682147,291403,0.8512754405291975,1.0,S2,W29U_350A2A50D509582EE77C5BC2
0.0,0.0,0.5652581480794576,291403,0.7871392808273844,0.0,S2,W29U_900AA2BEA87870498EC902FB
-0.4001382332215651,0.01915742576059898,0.5844155738400566,291403,1.1021038019573475,0.25,S2,W29U_900AA2BEA87870498EC902FB
-0.43892175617143375,0.057426177255692545,0.6226843253351502,291403,1.1326318363200982,0.5,S2,W29U_900AA2BEA87870498EC902FB
-0.06068696145044519,0.11565563965663339,0.680913787736091,291403,0.8349083720191477,0.75,S2,W29U_900AA2BEA87870498EC902FB
-0.6107770953760097,0.1485087425106172,0.7137668905900748,291403,1.2679059244281061,1.0,S2,W29U_900AA2BEA87870498EC902FB
0.0,0.0,0.811179502976608,291403,0.8648482418178849,0.0,S2,W29U_A28F88AE9DF49C367E44FAD1
-0.3258501681644926,0.025910073544447076,0.8370895765210551,291403,1.1466591868513343,0.25,S2,W29U_A28F88AE9DF49C367E44FAD1
0.03391200116220098,0.056231547191800346,0.8674110501684084,291403,0.8355195072361954,0.5,S2,W29U_A28F88AE9DF49C367E44FAD1
0.3144556618694947,0.09211104711699691,0.9032905500936049,291403,0.5928918155200587,0.75,S2,W29U_A28F88AE9DF49C367E44FAD1
-0.0011235425096081427,0.11896971982616156,0.9301492228027696,291403,0.8658199355819283,1.0,S2,W29U_A28F88AE9DF49C367E44FAD1
0.0,0.0,0.9553779108728492,291403,0.47326306621434716,0.0,S2,W29U_5D9D815DFF68050432EF99CA
0.6606113975465246,0.03015411202114049,0.9855320228939897,291403,0.16062009063467328,0.25,S2,W29U_5D9D815DFF68050432EF99CA
0.7998638095728378,0.03830713279979803,0.9936850436726472,291403,0.0947170671412174,0.5,S2,W29U_5D9D815DFF68050432EF99CA
0.8945377600705124,0.04274562723627495,0.9981235381091241,291403,0.049911383037967924,0.75,S2,W29U_5D9D815DFF68050432EF99CA
0.8785351670206996,0.04286572737776073,0.9982436382506099,291403,0.05748481929211878,1.0,S2,W29U_5D9D815DFF68050432EF99CA
0.0,0.0,0.9715673801787088,291403,1.3621277205988476,0.0,S2,W29U_5CE02771C093B1300C2D102D
-0.06672657735143964,-0.011343090345201756,0.960224289833507,291403,1.4530178413099935,0.25,S2,W29U_5CE02771C093B1300C2D102D
0.635039364034397,0.024834961896474717,0.9964023420751835,291403,0.49712299917549757,0.5,S2,W29U_5CE02771C093B1300C2D102D
0.9260870215015895,0.027871875222936993,0.9994392554016458,291403,0.10067891692378535,0.75,S2,W29U_5CE02771C093B1300C2D102D
0.3604629990643871,0.021832602301945614,0.9933999824806544,291403,0.8711310773226889,1.0,S2,W29U_5CE02771C093B1300C2D102D
0.0,0.0,0.9246358461017582,291403,1.2513035294627821,0.0,S2,W29U_08B2456A07EE4238C5B02531
0.018822818725209054,0.025612880596196264,0.9502487266979545,291403,1.227750469957471,0.25,S2,W29U_08B2456A07EE4238C5B02531
0.19645143483691418,0.049383718797530896,0.9740195648992891,291403,1.0054831556831272,0.5,S2,W29U_08B2456A07EE4238C5B02531
0.16067490904055828,0.06271886024831175,0.9873547063500699,291403,1.0502504486840594,0.75,S2,W29U_08B2456A07EE4238C5B02531
0.6474005850388574,0.06364676594777219,0.9882826120495304,291403,0.4412088924267424,1.0,S2,W29U_08B2456A07EE4238C5B02531
0.0,0.0,0.8910202863891712,291403,1.0715228763714435,0.0,S2,W29U_DEE413EAB57AC5251CC94C3E
-0.0147436494056035,0.010234386662994921,0.9012546730521661,291403,1.0873210339907626,0.25,S2,W29U_DEE413EAB57AC5251CC94C3E
-0.030187161686866488,0.018373059808769465,0.9093933461979407,291403,1.1038691106916747,0.5,S2,W29U_DEE413EAB57AC5251CC94C3E
-0.04408325038181211,0.02513633018008221,0.9161566165692534,291403,1.1187590876204094,0.75,S2,W29U_DEE413EAB57AC5251CC94C3E
-0.05318309301629618,0.030794364102073146,0.9218146504912443,291403,1.1285097771746484,1.0,S2,W29U_DEE413EAB57AC5251CC94C3E
0.0,0.0,0.554616871860665,291403,1.1783454143862424,0.0,S2,W29U_D81E592C61FB76827E183645
0.47692686766222714,0.07864043866613468,0.6332573105267997,291403,0.6163608268783858,0.25,S2,W29U_D81E592C61FB76827E183645
0.5401506605816027,0.15139145333168957,0.7060083251923546,291403,0.541861360411671,0.5,S2,W29U_D81E592C61FB76827E183645
0.5484422675228888,0.2519667583931138,0.8065836302537788,291403,0.532090983394505,0.75,S2,W29U_D81E592C61FB76827E183645
0.7398698854931205,0.3702699541644092,0.9248868260250742,291403,0.3065231275722097,1.0,S2,W29U_D81E592C61FB76827E183645
0.0,0.0,0.9448283115869195,291403,1.7627828721696586,0.0,S2,W29U_1132CA32846D8F057C579B58
0.3604493077537963,0.012729644703663445,0.9575579562905829,291403,1.1273890061754959,0.25,S2,W29U_1132CA32846D8F057C579B58
0.8694889662092358,0.04668155869101931,0.9915098702779388,291403,0.23006261499464517,0.5,S2,W29U_1132CA32846D8F057C579B58
0.9683902784955382,0.053473090424817626,0.9983014020117371,291403,0.05572107566114968,0.75,S2,W29U_1132CA32846D8F057C579B58
0.9787061652724832,0.054420495180075634,0.9992488067669951,291403,0.037536407139499336,1.0,S2,W29U_1132CA32846D8F057C579B58
0.0,0.0,0.9233798936397047,291403,1.574634385836401,0.0,S2,W29U_FE6861630248BEA0B78E17F9
0.607264576673535,0.032829039273007954,0.9562089329127127,291403,0.61841470210526,0.25,S2,W29U_FE6861630248BEA0B78E17F9
-0.007860843111642044,0.051889569054530904,0.9752694626942356,291403,1.5870123397016656,0.5,S2,W29U_FE6861630248BEA0B78E17F9
0.6159064882003095,0.06438089465690644,0.9877607882966112,291403,0.6048068510558361,0.75,S2,W29U_FE6861630248BEA0B78E17F9
0.8630599550350824,0.06518122444269703,0.9885611180824018,291403,0.2156305035988791,1.0,S2,W29U_FE6861630248BEA0B78E17F9
0.0,0.0,0.7115231507334664,291403,1.3004621924251638,0.0,S2,W29U_4B296E6D957772C67FE3C252
-0.2643262364603001,0.08465582449007547,0.7961789752235419,291403,1.6442084694080823,0.25,S2,W29U_4B296E6D957772C67FE3C252
0.7379817514073486,0.20332372233012563,0.914846873063592,291403,0.340744826019463,0.5,S2,W29U_4B296E6D957772C67FE3C252
0.8899448404390977,0.2726928333226829,0.9842159840561493,291403,0.14312257408938214,0.75,S2,W29U_4B296E6D957772C67FE3C252
0.9208897434162183,0.2805325662346011,0.9920557169680675,291403,0.10287989771934113,1.0,S2,W29U_4B296E6D957772C67FE3C252
0.0,0.0,0.6817577953088039,291403,1.4167718462586003,0.0,S2,W29U_A7B8E37FC1BCCA0FFB6D7F9E
-0.0262410868838767,0.07038283605295037,0.7521406313617542,291403,1.4539494793709289,0.25,S2,W29U_A7B8E37FC1BCCA0FFB6D7F9E
0.04408189805020488,0.18741694559639321,0.8691747409051971,291403,1.354317854171384,0.5,S2,W29U_A7B8E37FC1BCCA0FFB6D7F9E
0.3443850582043533,0.25999605255463476,0.9417538478634386,291403,0.9288567915221988,0.75,S2,W29U_A7B8E37FC1BCCA0FFB6D7F9E
0.899244077715215,0.29855730223925736,0.9803150975480612,291403,0.14274815403600355,1.0,S2,W29U_A7B8E37FC1BCCA0FFB6D7F9E
0.0,0.0,0.8860130646749582,291403,1.5385036262840772,0.0,S2,W29U_E40515EC2262E92D9B884A15
0.07850690058737442,0.07496654020564908,0.9609796048806073,291403,1.4177204750419996,0.25,S2,W29U_E40515EC2262E92D9B884A15
-0.04454072465063222,0.06757802118027201,0.9535910858552302,291403,1.60702969267644,0.5,S2,W29U_E40515EC2262E92D9B884A15
0.44905117935477007,0.10995041115196846,0.9959634758269267,291403,0.8476367584591729,0.75,S2,W29U_E40515EC2262E92D9B884A15
0.8465720859930141,0.11141743612184363,0.9974305007968018,291403,0.2360494020721026,1.0,S2,W29U_E40515EC2262E92D9B884A15
0.0,0.0,0.5879018537526812,291403,1.2130844737622755,0.0,S2,W29U_41FD60E27CD7FE165904AA23
0.14946506423584408,0.03135119771763384,0.6192530514703151,291403,1.0317707249677424,0.25,S2,W29U_41FD60E27CD7FE165904AA23
0.2399424256572979,0.05433270786914779,0.642234561621829,291403,0.9220140426003084,0.5,S2,W29U_41FD60E27CD7FE165904AA23
0.21492524133193558,0.05890296134509898,0.6468048150977802,291403,0.9523620004826794,0.75,S2,W29U_41FD60E27CD7FE165904AA23
0.1530183962729299,0.05539685201355116,0.6432987057662324,291403,1.027460233043428,1.0,S2,W29U_41FD60E27CD7FE165904AA23
0.0,0.0,0.9801465778022947,291403,1.1428699532781161,0.0,S2,W29U_F38CAC611236E1EDC4F0B734
0.4908792671349557,0.006973886899189652,0.9871204647014844,291403,0.5818587881819025,0.25,S2,W29U_F38CAC611236E1EDC4F0B734
0.3734506816004091,0.013937023093104184,0.9940836008953989,291403,0.7160643902454025,0.5,S2,W29U_F38CAC611236E1EDC4F0B734
0.14131579908971523,0.01766058683531946,0.9978071646376142,291403,0.9813643725748523,0.75,S2,W29U_F38CAC611236E1EDC4F0B734
0.7773298113324334,0.018103127583350642,0.9982497053856454,291403,0.25448306811815385,1.0,S2,W29U_F38CAC611236E1EDC4F0B734
0.0,0.0,0.7746199664772772,291403,1.0745583616309735,0.0,S2,W29U_253B572365B24FEC3BC50C3A
0.19716999107892072,0.030897247962687113,0.8055172144399643,291403,0.8626876990542176,0.25,S2,W29U_253B572365B24FEC3BC50C3A
0.3947885728004106,0.06822564268186537,0.8428456091591425,291403,0.6503349996515392,0.5,S2,W29U_253B572365B24FEC3BC50C3A
0.38270101707830895,0.11750118407946275,0.8921211505567399,291403,0.6633237837244159,0.75,S2,W29U_253B572365B24FEC3BC50C3A
0.09836332133439772,0.14996649063458345,0.9245864571118606,291403,0.9688612322132037,1.0,S2,W29U_253B572365B24FEC3BC50C3A
0.0,0.0,0.9743087466707373,291403,1.4265887374642496,0.0,S2,W29U_9EC6A4D2F3C37960EF79F609
0.05679735554381436,0.006307050045372686,0.98061579671611,291403,1.3455622697276346,0.25,S2,W29U_9EC6A4D2F3C37960EF79F609
0.12911695619298502,0.010673731830147415,0.9849824785008847,291403,1.2423919419435432,0.5,S2,W29U_9EC6A4D2F3C37960EF79F609
0.6470208050865189,0.023186443899244624,0.9974951905699819,291403,0.5035561440221231,0.75,S2,W29U_9EC6A4D2F3C37960EF79F609
0.9580397144342965,0.025234006652450236,0.9995427533231875,291403,0.05986007080785821,1.0,S2,W29U_9EC6A4D2F3C37960EF79F609
0.0,0.0,0.5728278631106111,291403,1.2025024692827522,0.0,S2,W29U_2EE18F548561B5DF87AA953F
0.006564238267760917,0.07050109307982133,0.6433289561904324,291403,1.1946089565568028,0.25,S2,W29U_2EE18F548561B5DF87AA953F
0.03704600555821362,0.13014123919601694,0.702969102306628,291403,1.1579545561219007,0.5,S2,W29U_2EE18F548561B5DF87AA953F
0.010839223500172062,0.22410359482978637,0.7969314579403974,291403,1.1894682762586768,0.75,S2,W29U_2EE18F548561B5DF87AA953F
0.1638933082458744,0.2437205061893648,0.8165483692999759,291403,1.005420361418005,1.0,S2,W29U_2EE18F548561B5DF87AA953F
0.0,0.0,0.5492353817956934,291403,1.083184315391337,0.0,S2,W29U_03F715C9B2E6CAD085714748
0.19238551292098852,0.028275432026956815,0.5775108138226502,291403,0.8747953452866124,0.25,S2,W29U_03F715C9B2E6CAD085714748
0.28208038628214166,0.06679048476808036,0.6160258665637738,291403,0.7776392652907094,0.5,S2,W29U_03F715C9B2E6CAD085714748
-0.022359042102987663,0.09994716451883168,0.6491825463145251,291403,1.10740327910449,0.75,S2,W29U_03F715C9B2E6CAD085714748
-0.10341819486076659,0.14735564954675262,0.696591031342446,291403,1.1952052819907077,1.0,S2,W29U_03F715C9B2E6CAD085714748
0.0,0.0,0.8955713676385523,291403,0.7485223874803969,0.0,S2,W29U_6E1CE2BCDE6D0C1A10B6BCF1
0.08570891642417452,0.029026368098748923,0.9245977357373012,291403,0.6843673447301303,0.25,S2,W29U_6E1CE2BCDE6D0C1A10B6BCF1
0.08596235238060262,0.04304945509600744,0.9386208227345597,291403,0.6841776422429511,0.5,S2,W29U_6E1CE2BCDE6D0C1A10B6BCF1
-0.03746197762093599,0.05278917636648828,0.9483605440050406,291403,0.7765635164089946,0.75,S2,W29U_6E1CE2BCDE6D0C1A10B6BCF1
-0.15317109371807697,0.06224183421405827,0.9578132018526105,291403,0.8631743802433887,1.0,S2,W29U_6E1CE2BCDE6D0C1A10B6BCF1
0.0,0.0,0.5840760635251206,291403,1.0891595572380623,0.0,S2,W29U_B37F78D6C87C711025971C0A
0.13383136088119288,0.03880802266275074,0.6228840861878714,291403,0.9433958514760011,0.25,S2,W29U_B37F78D6C87C711025971C0A
0.11744197481357802,0.0848679466154667,0.6689440101405874,291403,0.9612465079488246,0.5,S2,W29U_B37F78D6C87C711025971C0A
0.004284189842172149,0.11138596385534427,0.6954620273804649,291403,1.084493390926434,0.75,S2,W29U_B37F78D6C87C711025971C0A
0.27839481576627095,0.12603900341247265,0.7101150669375933,291403,0.7859431829604203,1.0,S2,W29U_B37F78D6C87C711025971C0A
0.0,0.0,0.49180013964934227,291403,1.0011305350976156,0.0,S2,W29U_BA8F0BBA7DD34894F52D8984
-0.041282597421933534,0.017974789101012856,0.5097749287503551,291403,1.0424598039448967,0.25,S2,W29U_BA8F0BBA7DD34894F52D8984
-0.12691213830121426,0.03186688338577298,0.5236670230351153,291403,1.1281861520256198,0.5,S2,W29U_BA8F0BBA7DD34894F52D8984
-0.19334280109943552,0.04856279274254344,0.5403629323918857,291403,1.1946919170197587,0.75,S2,W29U_BA8F0BBA7DD34894F52D8984
-0.1378213022093509,0.07126923479609143,0.5630693744454337,291403,1.1391076491264511,1.0,S2,W29U_BA8F0BBA7DD34894F52D8984
0.0,0.0,0.5305827032011365,291403,0.8921038526366772,0.0,S2,W29U_1A76051F68A035461FA58639
0.19190469893317874,0.12994815340833032,0.6605308566094669,291403,0.7209049313791149,0.25,S2,W29U_1A76051F68A035461FA58639
0.32375822105010166,0.21312312107392306,0.7437058242750596,291403,0.6032778963147608,0.5,S2,W29U_1A76051F68A035461FA58639
0.38962429346258637,0.20490063093776512,0.7354833341389017,291403,0.544518519357471,0.75,S2,W29U_1A76051F68A035461FA58639
0.40397888754203537,0.23481718622819814,0.7653998894293347,291403,0.5317127306761446,1.0,S2,W29U_1A76051F68A035461FA58639
0.0,0.0,0.8707773970422592,291403,1.6621385811893052,0.0,S2,W29U_2E4321BF2DB1D8DD3E839BC4
0.27240010678086357,0.041328570890389216,0.9121059679326484,291403,1.209371854188473,0.25,S2,W29U_2E4321BF2DB1D8DD3E839BC4
0.40389642227485945,0.06316466865052761,0.9339420656927868,291403,0.9908067549215299,0.5,S2,W29U_2E4321BF2DB1D8DD3E839BC4
0.9221784248213579,0.11848581143100656,0.9892632084732658,291403,0.12935024255242272,0.75,S2,W29U_2E4321BF2DB1D8DD3E839BC4
0.9375702057989286,0.12198385432832093,0.9927612513705801,291403,0.10376696955637132,1.0,S2,W29U_2E4321BF2DB1D8DD3E839BC4
0.0,0.0,0.7333732426857229,291403,1.0405224175224632,0.0,S2,W29U_F0D8813BABEB03235BE3F5F1
0.039675715885780546,0.01827538491063241,0.7516486275963553,291403,0.9992389457120168,0.25,S2,W29U_F0D8813BABEB03235BE3F5F1
0.09410728869532978,0.03581446303210156,0.7691877057178245,291403,0.9426016739826202,0.5,S2,W29U_F0D8813BABEB03235BE3F5F1
0.1590620938534827,0.05336515190809443,0.7867383945938173,291403,0.8750147430896934,0.75,S2,W29U_F0D8813BABEB03235BE3F5F1
0.20506406855401926,0.07098754231317794,0.8043607849989008,291403,0.8271486571634379,1.0,S2,W29U_F0D8813BABEB03235BE3F5F1
0.0,0.0,0.5867721827969423,291403,0.9415942443118394,0.0,S2,W29U_75E1B5DFD8A7A539DE8FC900
0.08844006302027199,0.04499121182507393,0.6317633946220162,291403,0.8583195900052865,0.25,S2,W29U_75E1B5DFD8A7A539DE8FC900
0.11734551698651725,0.09560464488355302,0.6823768276804953,291403,0.8311023809214202,0.5,S2,W29U_75E1B5DFD8A7A539DE8FC900
-0.11624611444156253,0.12988829870695762,0.7166604815038999,291403,1.0510509165937463,0.75,S2,W29U_75E1B5DFD8A7A539DE8FC900
-0.20357600879638318,0.1476186659012717,0.734390848698214,291403,1.1332802424746937,1.0,S2,W29U_75E1B5DFD8A7A539DE8FC900
0.0,0.0,0.9086271275079971,291403,1.0265807181634545,0.0,S2,W29U_9F64F2ED6522A8545701DEE2
-0.04443578797331972,0.030030032134598206,0.9386571596425953,291403,1.0721976412933085,0.25,S2,W29U_9F64F2ED6522A8545701DEE2
0.8296109503989951,0.07854739035439384,0.987174517862391,291403,0.17491811290575843,0.5,S2,W29U_9F64F2ED6522A8545701DEE2
0.9219956603883577,0.0884365936889493,0.9970637211969464,291403,0.08007775097746372,0.75,S2,W29U_9F64F2ED6522A8545701DEE2
0.9569937089414605,0.0898265063088326,0.9984536338168297,291403,0.044149429159464994,1.0,S2,W29U_9F64F2ED6522A8545701DEE2
0.0,0.0,0.8634413141803593,291403,1.1139228987052272,0.0,S2,W29U_1B1E7F331C8C1B7B2435E8C2
-0.0047472265622542234,0.015175452796533984,0.8786167669768933,291403,1.1192109430782686,0.25,S2,W29U_1B1E7F331C8C1B7B2435E8C2
-0.011885614441390822,0.024388745775207887,0.8878300599555672,291403,1.1271625567966859,0.5,S2,W29U_1B1E7F331C8C1B7B2435E8C2
-0.021121206222874125,0.029231426883104206,0.8926727410634635,291403,1.1374502939651832,0.75,S2,W29U_1B1E7F331C8C1B7B2435E8C2
-0.03161087277546851,0.03127275601104795,0.8947140701914073,291403,1.1491349737379108,1.0,S2,W29U_1B1E7F331C8C1B7B2435E8C2
0.0,0.0,0.8861395245028568,291403,1.3611776199152004,0.0,S2,W29U_8FEF3BAD240070F8614650A4
-0.17027108652193745,0.07015912901818522,0.956298653521042,291403,1.5929468122076766,0.25,S2,W29U_8FEF3BAD240070F8614650A4
-0.009688051686019043,0.07848239764146825,0.9646219221443251,291403,1.374364779050801,0.5,S2,W29U_8FEF3BAD240070F8614650A4
-0.023090809400025773,-0.41215967408785087,0.47397985041500595,291403,1.392608312896266,0.75,S2,W29U_8FEF3BAD240070F8614650A4
0.9623941423368881,0.11214353821071876,0.9982830627135756,291403,0.05118825182778203,1.0,S2,W29U_8FEF3BAD240070F8614650A4
0.0,0.0,0.6099176486619692,291404,0.712994281983869,0.0,S1,W29U_2B98D8963199CEBD39881CF3
0.009926021308104067,0.0014970468391377612,0.6114146955011069,291404,0.7059170855483309,0.25,S1,W29U_2B98D8963199CEBD39881CF3
0.01638849136631451,0.0009087954590392133,0.6108264441210084,291404,0.7013093813493284,0.5,S1,W29U_2B98D8963199CEBD39881CF3
0.019252750483675866,-0.0006762721865417598,0.6092413764754274,291404,0.6992671809765267,0.75,S1,W29U_2B98D8963199CEBD39881CF3
0.018890549175125223,-0.0019709630561746128,0.6079466856057946,291404,0.6995254284384508,1.0,S1,W29U_2B98D8963199CEBD39881CF3
0.0,0.0,0.9772150676310797,291404,0.13787843061991586,0.0,S1,W29U_11EACAC0A69B433BE5335374
-0.12266829621681212,-0.007361357132674162,0.9698537104984055,291404,0.15479174278923155,0.25,S1,W29U_11EACAC0A69B433BE5335374
-0.25560550787172487,-0.016191375658398677,0.961023691972681,291404,0.17312091690333145,0.5,S1,W29U_11EACAC0A69B433BE5335374
-0.3957218478105279,-0.026386777742252177,0.9508282898888275,291404,0.19243993795844036,0.75,S1,W29U_11EACAC0A69B433BE5335374
-0.541751614499929,-0.037851613170657106,0.9393634544604226,291404,0.2125742930135135,1.0,S1,W29U_11EACAC0A69B433BE5335374
0.0,0.0,0.9921407720928027,291404,0.10345148364045413,0.0,S1,W29U_CDB45AA59812E048F89D1FEF
-0.20988982266709277,-0.0016071383423623686,0.9905336337504403,291404,0.1251648971966066,0.25,S1,W29U_CDB45AA59812E048F89D1FEF
-0.47888294297560235,-0.004191476476906986,0.9879492956158957,291404,0.15299263458186607,0.5,S1,W29U_CDB45AA59812E048F89D1FEF
-0.7370842874157102,-0.007583192977024256,0.9845575791157785,291404,0.17970394674241336,0.75,S1,W29U_CDB45AA59812E048F89D1FEF
-0.9532016339443565,-0.011676673668959303,0.9804640984238434,291404,0.20206160688145608,1.0,S1,W29U_CDB45AA59812E048F89D1FEF
0.0,0.0,0.9791371525545906,291404,0.11296276747253647,0.0,S1,W29U_D8CFC7B512CCF79D00E3DA72
-0.1053189672211705,-0.008244022548174135,0.9708931300064164,291404,0.12485988947729457,0.25,S1,W29U_D8CFC7B512CCF79D00E3DA72
-0.2375340515294122,-0.01718695978596163,0.9619501927686289,291404,0.1397952713025005,0.5,S1,W29U_D8CFC7B512CCF79D00E3DA72
-0.39265790150592605,-0.02661095953086523,0.9525261930237253,291404,0.1573184906969972,0.75,S1,W29U_D8CFC7B512CCF79D00E3DA72
-0.5720227750518434,-0.03663198247508892,0.9425051700795016,291404,0.17758004320028492,1.0,S1,W29U_D8CFC7B512CCF79D00E3DA72
0.0,0.0,0.9754367950909442,291404,0.17579952715159963,0.0,S1,W29U_0C150BD91825DDE5B26260D3
0.1337195251119186,0.006514665181221346,0.9819514602721655,291404,0.15229169786585417,0.25,S1,W29U_0C150BD91825DDE5B26260D3
0.2428752840716217,0.011228976091431364,0.9866657711823755,291404,0.13310216705475522,0.5,S1,W29U_0C150BD91825DDE5B26260D3
0.3148037845206942,0.013981856160558914,0.9894186512515031,291404,0.12045717068701273,0.75,S1,W29U_0C150BD91825DDE5B26260D3
0.33664924673627045,0.014670799081642927,0.9901075941725871,291404,0.11661674875908444,1.0,S1,W29U_0C150BD91825DDE5B26260D3
0.0,0.0,0.869464957263537,291404,0.3898626428633643,0.0,S1,W29U_2F5C149851D9AB038AA06566
0.11823568306473817,0.03231518416639945,0.9017801414299365,291404,0.3437669669828721,0.25,S1,W29U_2F5C149851D9AB038AA06566
0.2404482058684182,0.06185147709340433,0.9313164343569413,291404,0.29612086985150804,0.5,S1,W29U_2F5C149851D9AB038AA06566
0.36423181812771754,0.08652582657171703,0.955990783835254,291404,0.24786226363279987,0.75,S1,W29U_2F5C149851D9AB038AA06566
0.4821707856333485,0.10392698808572087,0.9733919453492579,291404,0.20188226606436022,1.0,S1,W29U_2F5C149851D9AB038AA06566
0.0,0.0,0.6950735223911862,291404,0.5315942788455583,0.0,S1,W29U_A3B6D3BDB73A7B2D4AE044E2
-0.015414770984434346,-0.02290626591823497,0.6721672564729513,291404,0.5397886829106135,0.25,S1,W29U_A3B6D3BDB73A7B2D4AE044E2
-0.054982576855524844,-0.04175112084542365,0.6533224015457626,291404,0.5608227021381965,0.5,S1,W29U_A3B6D3BDB73A7B2D4AE044E2
-0.12017778904581575,-0.06222295623396901,0.6328505661572172,291404,0.5954801039467426,0.75,S1,W29U_A3B6D3BDB73A7B2D4AE044E2
-0.23675973851253082,-0.0941390839816052,0.600934438409581,291404,0.6574544013000269,1.0,S1,W29U_A3B6D3BDB73A7B2D4AE044E2
0.0,0.0,0.7648397757775642,291404,0.5852791542114837,0.0,S1,W29U_AC8C1DB17FDD8141A366E8D2
0.13200524120545967,0.06774586935624949,0.8325856451338137,291404,0.5080192382871374,0.25,S1,W29U_AC8C1DB17FDD8141A366E8D2
0.2734083682288604,0.12927335872961532,0.8941131345071796,291404,0.425258935699881,0.5,S1,W29U_AC8C1DB17FDD8141A366E8D2
0.4009603081821059,0.16451961643412283,0.9293593922116871,291404,0.35060544416588396,0.75,S1,W29U_AC8C1DB17FDD8141A366E8D2
0.47334175297411857,0.17681052070190795,0.9416502964794722,291404,0.3082420933773372,1.0,S1,W29U_AC8C1DB17FDD8141A366E8D2
0.0,0.0,0.9710072524217676,291404,0.19380699323438472,0.0,S1,W29U_B1AA4B604A313D5010E1A61F
-0.10849909649624687,-0.005344828948221303,0.9656624234735462,291404,0.2148348768950782,0.25,S1,W29U_B1AA4B604A313D5010E1A61F
-0.21939882521237317,-0.013007703165979767,0.9579995492557878,291404,0.23632801986817048,0.5,S1,W29U_B1AA4B604A313D5010E1A61F
-0.30978439054646884,-0.02311425823715041,0.9478929941846171,291404,0.253845374517452,0.75,S1,W29U_B1AA4B604A313D5010E1A61F
-0.39968520491722354,-0.036127489126853374,0.9348797632949142,291404,0.2712687810400604,1.0,S1,W29U_B1AA4B604A313D5010E1A61F
0.0,0.0,0.8614281280517251,291404,0.4940284506545634,0.0,S1,W29U_4BC3ADADD4685C9154124B37
-0.04003391805832775,-0.011576621137110998,0.8498515069146141,291404,0.5138063451665908,0.25,S1,W29U_4BC3ADADD4685C9154124B37
-0.0776376528930858,-0.023131361479871937,0.8382967665718531,291404,0.532383660025869,0.5,S1,W29U_4BC3ADADD4685C9154124B37
-0.11243075954200758,-0.03452866382278508,0.82689946422894,291404,0.5495724445971296,0.75,S1,W29U_4BC3ADADD4685C9154124B37
-0.14408424156083424,-0.04569965488994032,0.8157284731617848,291404,0.5652101652767443,1.0,S1,W29U_4BC3ADADD4685C9154124B37
0.0,0.0,0.8640827877505584,291404,0.42187976352303636,0.0,S1,W29U_62F02A00E48B9E836FA9D0FE
0.10513238567886483,0.03281183754401262,0.896894625294571,291404,0.3775265375141191,0.25,S1,W29U_62F02A00E48B9E836FA9D0FE
0.21429972544238646,0.06262224314954112,0.9267050309000995,291404,0.33147104603013644,0.5,S1,W29U_62F02A00E48B9E836FA9D0FE
0.3256151042147469,0.08703507804561861,0.951117865796177,291404,0.2845093403570645,0.75,S1,W29U_62F02A00E48B9E836FA9D0FE
0.43352734932015363,0.1044674428467699,0.9685502305973283,291404,0.23898334791064765,1.0,S1,W29U_62F02A00E48B9E836FA9D0FE
0.0,0.0,0.7795406986847702,291404,0.47961034543240816,0.0,S1,W29U_E53925AE8D426CFBA11CA56F
-0.08799942547399654,-0.04128650294066727,0.7382541957441029,291404,0.5218157802819331,0.25,S1,W29U_E53925AE8D426CFBA11CA56F
-0.1894014377122493,-0.07993501716682105,0.6996056815179491,291404,0.5704492343991642,0.5,S1,W29U_E53925AE8D426CFBA11CA56F
-0.29237697239642907,-0.11722405124764756,0.6623166474371226,291404,0.6198373661602335,0.75,S1,W29U_E53925AE8D426CFBA11CA56F
-0.3909522635088103,-0.15564921791168407,0.6238914807730861,291404,0.6671150955818415,1.0,S1,W29U_E53925AE8D426CFBA11CA56F
0.0,0.0,0.8999096868861373,291404,0.22343533518558217,0.0,S1,W29U_5E9585B5B6DBFD2154636B70
0.29711892768095477,0.035276429958973954,0.9351861168451112,291404,0.15704846798891017,0.25,S1,W29U_5E9585B5B6DBFD2154636B70
0.5515708820637779,0.06495093122919682,0.9648606181153341,291404,0.10019491027250317,0.5,S1,W29U_5E9585B5B6DBFD2154636B70
0.5888057118093176,0.08638347651465106,0.9862931634007883,291404,0.09187533360769319,0.75,S1,W29U_5E9585B5B6DBFD2154636B70
0.033020792930465594,0.06840100265469762,0.9683106895408349,291404,0.21605732324903687,1.0,S1,W29U_5E9585B5B6DBFD2154636B70
0.0,0.0,0.6392606504209202,291404,0.5515337940348959,0.0,S1,W29U_E9525766D7F0FD19E74D6A7E
0.0008389668174259905,-0.017877749424093148,0.621382900996827,291404,0.5510710754830107,0.25,S1,W29U_E9525766D7F0FD19E74D6A7E
-0.027367406816931155,-0.028490968595757837,0.6107696818251623,291404,0.5666278437495618,0.5,S1,W29U_E9525766D7F0FD19E74D6A7E
-0.07939935253009002,-0.0415498137420528,0.5977108366788674,291404,0.59532522017981,0.75,S1,W29U_E9525766D7F0FD19E74D6A7E
-0.18558817269464922,-0.06785445912901744,0.5714061912919027,291404,0.6538919430493648,1.0,S1,W29U_E9525766D7F0FD19E74D6A7E
0.0,0.0,0.766729241079285,291404,0.5799220499747981,0.0,S1,W29U_BA70175A76438B66A59B5FB8
0.1394704571245121,0.0690245918377429,0.8357538329170279,291404,0.4990400565680894,0.25,S1,W29U_BA70175A76438B66A59B5FB8
0.2920403742486211,0.1315168707458897,0.8982461118251747,291404,0.4105613974648385,0.5,S1,W29U_BA70175A76438B66A59B5FB8
0.43345950967803876,0.16784626912127598,0.934575510200561,291404,0.3285493225408056,0.75,S1,W29U_BA70175A76438B66A59B5FB8
0.5180957419249859,0.18146969436228833,0.9481989354415733,291404,0.27946690523392825,1.0,S1,W29U_BA70175A76438B66A59B5FB8
0.0,0.0,0.7592669241401734,291404,0.5877449121302228,0.0,S1,W29U_A972A9FE615861DB83C1C26E
0.13245828039950264,0.06823679612612743,0.8275037202663008,291404,0.5098932317557643,0.25,S1,W29U_A972A9FE615861DB83C1C26E
0.2789283447440637,0.13332262242569204,0.8925895465658654,291404,0.4238061966577157,0.5,S1,W29U_A972A9FE615861DB83C1C26E
0.42117884110314585,0.17366294657278802,0.9329298707129614,291404,0.34019919117452413,0.75,S1,W29U_A972A9FE615861DB83C1C26E
0.5164773834150336,0.1905181034807255,0.9497850276208989,291404,0.28418795779719,1.0,S1,W29U_A972A9FE615861DB83C1C26E
0.0,0.0,0.8588399087966506,291404,0.4942017998310727,0.0,S1,W29U_D72E64A6FE3FD6481A8DD4F3
-0.046317536860731444,-0.01048763281731302,0.8483522759793376,291404,0.5170920099114346,0.25,S1,W29U_D72E64A6FE3FD6481A8DD4F3
-0.08944427284997385,-0.022170184026206075,0.8366697247704445,291404,0.5384053204582008,0.5,S1,W29U_D72E64A6FE3FD6481A8DD4F3
-0.12838661854241182,-0.03452633760002244,0.8243135711966282,291404,0.5576506977890864,0.75,S1,W29U_D72E64A6FE3FD6481A8DD4F3
-0.1625004278636316,-0.04714982672255397,0.8116900820740967,291404,0.5745098037547614,1.0,S1,W29U_D72E64A6FE3FD6481A8DD4F3
0.0,0.0,0.9849938437862786,291404,0.1352047329234345,0.0,S1,W29U_AAD068AB87B51FB466F1641F
0.013686964106313135,-0.0015262412415046889,0.9834676025447739,291404,0.1333541905968941,0.25,S1,W29U_AAD068AB87B51FB466F1641F
-0.0060165291485512916,-0.0034126127415912144,0.9815812310446874,291404,0.13601819614009644,0.5,S1,W29U_AAD068AB87B51FB466F1641F
-0.05266071995416487,-0.005643782967787447,0.9793500608184912,291404,0.1423247115004458,0.75,S1,W29U_AAD068AB87B51FB466F1641F
-0.1192069671161666,-0.00822787010552073,0.9767659736807579,291404,0.15132207907510764,1.0,S1,W29U_AAD068AB87B51FB466F1641F
0.0,0.0,0.4514632905723868,291404,1.0356664936955948,0.0,S1,W29U_6CFF1D75487CD3A42D913977
-0.0003123716172207962,0.03867690122351347,0.4901401917959003,291404,1.0359900065131322,0.25,S1,W29U_6CFF1D75487CD3A42D913977
-0.015901940540803763,0.07692355533146372,0.5283868459038505,291404,1.0521356006984608,0.5,S1,W29U_6CFF1D75487CD3A42D913977
0.004082909503499778,0.14419032545773408,0.5956536160301209,291404,1.0314379611260247,0.75,S1,W29U_6CFF1D75487CD3A42D913977
0.2537062391890982,0.31918202041591565,0.7706453109883025,291404,0.7729114425256719,1.0,S1,W29U_6CFF1D75487CD3A42D913977
0.0,0.0,0.742055498001675,291404,0.635167329205941,0.0,S1,W29U_E39EA8A21758C10BCC5F4B25
-0.00886105794774426,0.00268863580603107,0.7447441338077061,291404,0.6407955837165576,0.25,S1,W29U_E39EA8A21758C10BCC5F4B25
-0.013873162849624645,0.007023363562000617,0.7490788615636756,291404,0.64397910900079,0.5,S1,W29U_E39EA8A21758C10BCC5F4B25
-0.010399807751584611,0.015223674870158521,0.7572791728718336,291404,0.6417729473197806,0.75,S1,W29U_E39EA8A21758C10BCC5F4B25
0.006359358851990819,0.029816313673628914,0.7718718116753039,291404,0.6311280722284535,1.0,S1,W29U_E39EA8A21758C10BCC5F4B25
0.0,0.0,0.9679788480382031,291404,0.20600042654047998,0.0,S1,W29U_C886BB9C0B293A1ED9758B14
-0.17324323523792884,-0.00822421464905343,0.9597546333891497,291404,0.24168860689491928,0.25,S1,W29U_C886BB9C0B293A1ED9758B14
-0.3589051273390083,-0.019503612794566805,0.9484752352436363,291404,0.2799350358602399,0.5,S1,W29U_C886BB9C0B293A1ED9758B14
-0.5064708491144245,-0.03355107835794613,0.934427769680257,291404,0.310333637488877,0.75,S1,W29U_C886BB9C0B293A1ED9758B14
-0.6147947642627877,-0.05031960805700064,0.9176592399812025,291404,0.33264841021408287,1.0,S1,W29U_C886BB9C0B293A1ED9758B14
0.0,0.0,0.7134062877366412,291404,0.6900213215823648,0.0,S1,W29U_A5910054BB855156E9B32F8C
-0.01960155132235864,-0.004917281257352024,0.7084890064792891,291404,0.7035468099309029,0.25,S1,W29U_A5910054BB855156E9B32F8C
-0.03765939365535471,-0.009493699603596584,0.7039125881330446,291404,0.7160071061624609,0.5,S1,W29U_A5910054BB855156E9B32F8C
-0.053415741744055764,-0.013467157277217812,0.6999391304594234,291404,0.7268793222939539,0.75,S1,W29U_A5910054BB855156E9B32F8C
-0.06615650798586498,-0.01656671376210639,0.6968395739745348,291404,0.7356707226541118,1.0,S1,W29U_A5910054BB855156E9B32F8C
0.0,0.0,0.9764347069783414,291404,0.14723206547724305,0.0,S1,W29U_2A89DC488AD15CBE1249ED0D
-0.09521625688689252,-0.00682457922216273,0.9696101277561787,291404,0.16125095164580722,0.25,S1,W29U_2A89DC488AD15CBE1249ED0D
-0.20083125164927768,-0.01487837816562132,0.9615563288127201,291404,0.176800865470147,0.5,S1,W29U_2A89DC488AD15CBE1249ED0D
-0.31486892094488017,-0.024065542060232592,0.9523691649181089,291404,0.19359086706286338,0.75,S1,W29U_2A89DC488AD15CBE1249ED0D
-0.4366267700517055,-0.03431215188887671,0.9421225550894647,291404,0.21151752667504953,1.0,S1,W29U_2A89DC488AD15CBE1249ED0D
0.0,0.0,0.9819911253793207,291404,0.11024060510915094,0.0,S1,W29U_9D11D773ABD3D5DDFD96D857
0.310384736066598,0.008617556242914048,0.9906086816222347,291404,0.07602360398821469,0.25,S1,W29U_9D11D773ABD3D5DDFD96D857
0.4805199076940716,0.013411147180686589,0.9954022725600072,291404,0.05726779971748261,0.5,S1,W29U_9D11D773ABD3D5DDFD96D857
0.3513112510328448,0.014155070147069848,0.9961461955263905,291404,0.071511840213286,0.75,S1,W29U_9D11D773ABD3D5DDFD96D857
-0.06856339323671382,0.008626910679738309,0.990618036059059,291404,0.1177990750679715,1.0,S1,W29U_9D11D773ABD3D5DDFD96D857
0.0,0.0,0.703075165528263,291404,0.6889837676426386,0.0,S1,W29U_B52BC9EA0A5865F529FD944F
-0.020465292712597265,-0.007359721871050384,0.6957154436572126,291404,0.7030840221216937,0.25,S1,W29U_B52BC9EA0A5865F529FD944F
-0.03985957331561103,-0.014345853323875835,0.6887293122043872,291404,0.7164463666422961,0.5,S1,W29U_B52BC9EA0A5865F529FD944F
-0.057556833730805536,-0.020689352909591285,0.6823858126186717,291404,0.7286394918001274,0.75,S1,W29U_B52BC9EA0A5865F529FD944F
-0.0729685077393911,-0.026167952793245908,0.6769072127350171,291404,0.7392578850242583,1.0,S1,W29U_B52BC9EA0A5865F529FD944F
0.0,0.0,0.8813176648371158,291404,0.4603126778891537,0.0,S1,W29U_994622A6D5AD3781B8DCA5E7
-0.014155852460434557,-0.0025697267508594246,0.8787479380862564,291404,0.46682879624303425,0.25,S1,W29U_994622A6D5AD3781B8DCA5E7
-0.026889406382556637,-0.0054832548644146994,0.8758344099727011,291404,0.47269021254798493,0.5,S1,W29U_994622A6D5AD3781B8DCA5E7
-0.037741948146034696,-0.008599890340960314,0.8727177744961555,291404,0.47768577510904625,0.75,S1,W29U_994622A6D5AD3781B8DCA5E7
-0.04630001105905663,-0.011757915278748476,0.8695597495583673,291404,0.4816251599660918,1.0,S1,W29U_994622A6D5AD3781B8DCA5E7
0.0,0.0,0.868869849068347,291404,0.3729136681552264,0.0,S1,W29U_35D26B470FA840A2B61FA7BD
0.12400041916507921,0.03393679669829108,0.902806645766638,291404,0.3266722169914671,0.25,S1,W29U_35D26B470FA840A2B61FA7BD
0.2503319392367778,0.06424311081885548,0.9331129598872024,291404,0.279561466437778,0.5,S1,W29U_35D26B470FA840A2B61FA7BD
0.3745109619037585,0.088958619643282,0.957828468711629,291404,0.23325341158697907,0.75,S1,W29U_35D26B470FA840A2B61FA7BD
0.48595126803571703,0.10551136812557216,0.9743812171939191,291404,0.19169579824685762,1.0,S1,W29U_35D26B470FA840A2B61FA7BD
0.0,0.0,0.9721293448598942,291404,0.18920848733878984,0.0,S1,W29U_D863F5D445E32C9CFE045647
0.1269908278157341,0.0061911507911054375,0.9783204956509997,291404,0.16518074490174708,0.25,S1,W29U_D863F5D445E32C9CFE045647
0.23333515070422992,0.011348879854371385,0.9834782247142656,291404,0.1450594964308406,0.5,S1,W29U_D863F5D445E32C9CFE045647
0.32294225581156794,0.015549267454510685,0.9876786123144049,291404,0.12810507161858362,0.75,S1,W29U_D863F5D445E32C9CFE045647
0.39777231789809164,0.018736641665463072,0.9908659865253573,291404,0.11394658876364991,1.0,S1,W29U_D863F5D445E32C9CFE045647
0.0,0.0,0.9180754457113647,291404,0.37045316993633437,0.0,S1,W29U_30410D146F275D9B501A8D8B
-0.035740211221279385,-0.0005581259805857997,0.9175173197307789,291404,0.3836932444774872,0.25,S1,W29U_30410D146F275D9B501A8D8B
-0.07372243296893702,-0.0013701280368907387,0.9167053176744739,291404,0.39776387892516973,0.5,S1,W29U_30410D146F275D9B501A8D8B
-0.11210706522312776,-0.002334711733722905,0.9157407339776418,291404,0.41198358762061354,0.75,S1,W29U_30410D146F275D9B501A8D8B
-0.14916202721495875,-0.0033516099283165124,0.9147238357830482,291404,0.4257107157523948,1.0,S1,W29U_30410D146F275D9B501A8D8B
0.0,0.0,0.7926047661352735,291404,0.528599111560293,0.0,S1,W29U_AB05A2088E675A5855032D7A
0.005310371541418402,0.008949524610300075,0.8015542907455736,291404,0.5257920538814389,0.25,S1,W29U_AB05A2088E675A5855032D7A
0.007233508633893832,0.017964507496347704,0.8105692736316212,291404,0.5247754853229458,0.5,S1,W29U_AB05A2088E675A5855032D7A
0.01296507946973484,0.02914824403051175,0.8217530101657853,291404,0.5217457820712696,0.75,S1,W29U_AB05A2088E675A5855032D7A
0.030977910973916178,0.04499457399488693,0.8375993401301605,291404,0.5122242153414561,1.0,S1,W29U_AB05A2088E675A5855032D7A
0.0,0.0,0.9279219553048715,291404,0.35902735299182276,0.0,S1,W29U_CBC2DCAEF6675B5D9A70E2E5
-0.019521262302059604,0.0012073744453768853,0.9291293297502484,291404,0.3660360201232098,0.25,S1,W29U_CBC2DCAEF6675B5D9A70E2E5
-0.038662625941965637,0.0021686501551029247,0.9300906054599745,291404,0.3729082932435183,0.5,S1,W29U_CBC2DCAEF6675B5D9A70E2E5
-0.05662270137564226,0.0029310358606114972,0.930852991165483,291404,0.37935645158602266,0.75,S1,W29U_CBC2DCAEF6675B5D9A70E2E5
-0.07292795947946856,0.003532830923402286,0.9314547862282738,291404,0.3852104852429042,1.0,S1,W29U_CBC2DCAEF6675B5D9A70E2E5
0.0,0.0,0.5105693574570256,291404,0.8370186393603695,0.0,S1,W29U_21A4C462A4AB85B5ED8A8FB9
-0.01172971981587988,0.005376116085043958,0.5159454735420695,291404,0.8468366334807473,0.25,S1,W29U_21A4C462A4AB85B5ED8A8FB9
-0.015855562037142227,0.014034562912068282,0.5246039203690939,291404,0.850290040323008,0.5,S1,W29U_21A4C462A4AB85B5ED8A8FB9
-0.0020721198142649683,0.03535916640603842,0.545928523863064,291404,0.8387530422678993,0.75,S1,W29U_21A4C462A4AB85B5ED8A8FB9
0.0379773815519178,0.06537958552533718,0.5759489429823628,291404,0.8052308631272757,1.0,S1,W29U_21A4C462A4AB85B5ED8A8FB9
0.0,0.0,0.9648959625678077,291404,0.20801762743626562,0.0,S1,W29U_229702C2BCB73563FD30EE1D
0.10076453442169946,0.005691028371253237,0.970586990939061,291404,0.187056828056043,0.25,S1,W29U_229702C2BCB73563FD30EE1D
0.18825873046505326,0.010689485814092903,0.9755854483819006,291404,0.16885649298057356,0.5,S1,W29U_229702C2BCB73563FD30EE1D
0.2643671997234879,0.015085217892435776,0.9799811804602435,291404,0.15302458977755193,0.75,S1,W29U_229702C2BCB73563FD30EE1D
0.32946156643691926,0.018790892571180384,0.9836868551389881,291404,0.1394838140542926,1.0,S1,W29U_229702C2BCB73563FD30EE1D
0.0,0.0,0.8674158035232093,291404,0.48373847056613284,0.0,S1,W29U_3BDC39A40CA0FF75A3C3A3A6
-0.047457988667430395,-0.012454081726072097,0.8549617217971373,291404,0.5066957254203079,0.25,S1,W29U_3BDC39A40CA0FF75A3C3A3A6
-0.09188160329679015,-0.025201493673586373,0.842214309849623,291404,0.5281851368181781,0.5,S1,W29U_3BDC39A40CA0FF75A3C3A3A6
-0.13261558525764605,-0.03794299477068186,0.8294728087525275,291404,0.5478897309520318,0.75,S1,W29U_3BDC39A40CA0FF75A3C3A3A6
-0.16914154481651747,-0.05049100945107865,0.8169247940721307,291404,0.5655587427650371,1.0,S1,W29U_3BDC39A40CA0FF75A3C3A3A6
0.0,0.0,0.9657331754285252,291404,0.1649995858334132,0.0,S1,W29U_4C6ED1EB798517953D0DC778
0.12819743337914205,0.009149917342438307,0.9748830927709635,291404,0.14384706242082,0.25,S1,W29U_4C6ED1EB798517953D0DC778
0.24463287794496122,0.01639987707497159,0.9821330525034968,291404,0.12463526229101404,0.5,S1,W29U_4C6ED1EB798517953D0DC778
0.34311977458443477,0.02178890498396291,0.9875220804124881,291404,0.10838496513538425,0.75,S1,W29U_4C6ED1EB798517953D0DC778
0.41469735414671444,0.025388554222291804,0.991121729650817,291404,0.09657469415257834,1.0,S1,W29U_4C6ED1EB798517953D0DC778
0.0,0.0,0.9832168221422066,291404,0.15883150750943062,0.0,S1,W29U_75132999B0C6E0EEE43BA989
-0.07677240559839857,-0.00047245906475468225,0.9827443630774519,291404,0.1710253844258265,0.25,S1,W29U_75132999B0C6E0EEE43BA989
-0.16322411657506428,-0.0014382227256857227,0.9817785994165209,291404,0.18475664000710634,0.5,S1,W29U_75132999B0C6E0EEE43BA989
-0.25318150665662326,-0.0028586394009307847,0.9803581827412758,291404,0.19904470788546422,0.75,S1,W29U_75132999B0C6E0EEE43BA989
-0.3422212330231443,-0.004701467524159009,0.9785153546180476,291404,0.213187021852575,1.0,S1,W29U_75132999B0C6E0EEE43BA989
0.0,0.0,0.9216027955533941,291404,0.26781594937257586,0.0,S1,W29U_F6CAD417553B07D618F9E108
-0.1338396797203401,-0.021562629131505195,0.9000401664218889,291404,0.30366035026073407,0.25,S1,W29U_F6CAD417553B07D618F9E108
-0.2713810806167645,-0.04536677180215676,0.8762360237512373,291404,0.34049613111998156,0.5,S1,W29U_F6CAD417553B07D618F9E108
-0.40909908253284505,-0.07005582056929838,0.8515469749840957,291404,0.3773792085489686,0.75,S1,W29U_F6CAD417553B07D618F9E108
-0.5456515423329003,-0.09473099559227383,0.8268717999611203,291404,0.41395013520961743,1.0,S1,W29U_F6CAD417553B07D618F9E108
0.0,0.0,0.8253935678526559,291404,0.5030592913022685,0.0,S1,W29U_E5D1686A18607C9EE6DB4092
0.010651243849514961,0.015440526469203797,0.8408340943218597,291404,0.49770108411983316,0.25,S1,W29U_E5D1686A18607C9EE6DB4092
0.023173549453534118,0.03010018615743737,0.8554937540100933,291404,0.49140162193719233,0.5,S1,W29U_E5D1686A18607C9EE6DB4092
0.04251299299704215,0.04504549693815496,0.8704390647908109,291404,0.4816727351739956,0.75,S1,W29U_E5D1686A18607C9EE6DB4092
0.06879519417976974,0.060604969744581516,0.8859985375972375,291404,0.46845122967312275,1.0,S1,W29U_E5D1686A18607C9EE6DB4092
0.0,0.0,0.7857845829342128,291404,0.5511852287365933,0.0,S1,W29U_93A1C9E34685B6807135F4C8
0.0055828785369890326,-0.016301472519098748,0.7694831104151141,291404,0.5481080285531688,0.25,S1,W29U_93A1C9E34685B6807135F4C8
-0.018424727235764986,-0.042520941698814596,0.7432636412353982,291404,0.5613406662324661,0.5,S1,W29U_93A1C9E34685B6807135F4C8
-0.06593255447826486,-0.07849366286389448,0.7072909200703184,291404,0.5875262788579495,0.75,S1,W29U_93A1C9E34685B6807135F4C8
-0.16563066635560011,-0.12349419839673703,0.6622903845374758,291404,0.6424784054577647,1.0,S1,W29U_93A1C9E34685B6807135F4C8
0.0,0.0,0.9859761513550118,291404,0.14640394719522312,0.0,S1,W29U_F2575FC5D972AB054D7C658A
-0.04590985130327141,-0.00036014044364618414,0.9856160109113656,291404,0.15312533064121372,0.25,S1,W29U_F2575FC5D972AB054D7C658A
-0.10415958130048554,-0.0013788084544795742,0.9845973429005322,291404,0.16165332103592012,0.5,S1,W29U_F2575FC5D972AB054D7C658A
-0.1706431357284097,-0.003039276967237603,0.9829368743877742,291404,0.17138677582780315,0.75,S1,W29U_F2575FC5D972AB054D7C658A
-0.24248948878289348,-0.005324896330502482,0.9806512550245093,291404,0.181905365506633,1.0,S1,W29U_F2575FC5D972AB054D7C658A
0.0,0.0,0.5069217699744408,291404,0.8421913758291643,0.0,S1,W29U_0400BA4294543C5E4BC160A2
-0.011175347558761744,0.0054896164913254,0.5124113864657662,291404,0.8516031571650581,0.25,S1,W29U_0400BA4294543C5E4BC160A2
-0.014903638196019834,0.013846002848108219,0.520767772822549,291404,0.8547430913863452,0.5,S1,W29U_0400BA4294543C5E4BC160A2
-0.001788961827630784,0.0346127456800861,0.5415345156545269,291404,0.8436980240520843,0.75,S1,W29U_0400BA4294543C5E4BC160A2
0.03761325898133442,0.06441994986582622,0.571341719840267,291404,0.8105138134982179,1.0,S1,W29U_0400BA4294543C5E4BC160A2
0.0,0.0,0.9741783282790786,291404,0.1799674066300748,0.0,S1,W29U_7A5126EDF2108BF759D41021
0.14240162985451862,0.005965686717993024,0.9801440149970716,291404,0.15433975460511884,0.25,S1,W29U_7A5126EDF2108BF759D41021
0.2599166573362587,0.010874973742162508,0.9850533020212411,291404,0.1331908798690506,0.5,S1,W29U_7A5126EDF2108BF759D41021
0.35041133429004717,0.014719316381254677,0.9888976446603333,291404,0.1169047875437604,0.75,S1,W29U_7A5126EDF2108BF759D41021
0.40540477219376997,0.01723086126039819,0.9914091895394768,291404,0.10700776114250035,1.0,S1,W29U_7A5126EDF2108BF759D41021
0.0,0.0,0.9854939955602617,291404,0.14130527422172573,0.0,S1,W29U_4542EF183B2513200195497A
-0.0427871370326268,-0.000808592293119581,0.9846854032671422,291404,0.1473513223533264,0.25,S1,W29U_4542EF183B2513200195497A
-0.10106966072035593,-0.002372293584152252,0.9831217019761095,291404,0.15558695034541348,0.5,S1,W29U_4542EF183B2513200195497A
-0.17128029450003326,-0.004675291335935583,0.9808187042243262,291404,0.16550808320500215,0.75,S1,W29U_4542EF183B2513200195497A
-0.250889156089099,-0.007701728153171716,0.97779226740709,291404,0.1767572352224041,1.0,S1,W29U_4542EF183B2513200195497A
0.0,0.0,0.946036529318475,291404,0.25507975002235855,0.0,S1,W29U_1286685795C121BE6FFD658C
0.004451782409473287,0.003870688346604534,0.9499072176650796,291404,0.2539441904781917,0.25,S1,W29U_1286685795C121BE6FFD658C
0.007462900670645589,0.007529845729218332,0.9535663750476934,291404,0.2531761151848411,0.5,S1,W29U_1286685795C121BE6FFD658C
0.009068758990743749,0.010928516676911082,0.9569650459953861,291404,0.25276649324597755,0.75,S1,W29U_1286685795C121BE6FFD658C
0.00927752107031606,0.01401866196862156,0.9600551912870966,291404,0.2527132422669059,1.0,S1,W29U_1286685795C121BE6FFD658C
0.0,0.0,0.9788540399089944,291404,0.12437861301203808,0.0,S1,W29U_1EDF61048BA683FEF104C62A
-0.11455862964635265,-0.00774090880972067,0.9711131310992738,291404,0.13862725647612573,0.25,S1,W29U_1EDF61048BA683FEF104C62A
-0.243488466810848,-0.017259520719752786,0.9615945191892417,291404,0.1546633707986425,0.5,S1,W29U_1EDF61048BA683FEF104C62A
-0.3822280391550845,-0.028235154327892364,0.9506188855811021,291404,0.1719196063768407,0.75,S1,W29U_1EDF61048BA683FEF104C62A
-0.5284649892875177,-0.040315845939681516,0.9385381939693129,291404,0.19010835540556956,1.0,S1,W29U_1EDF61048BA683FEF104C62A
0.0,0.0,0.911473431279554,291404,0.3960884683699381,0.0,S1,W29U_D215F181D8F005BABBB41D37
-0.01961896547860324,-0.001603297171826945,0.9098701341077271,291404,0.4038593143573804,0.25,S1,W29U_D215F181D8F005BABBB41D37
-0.04037342623968252,-0.00389483880993724,0.9075785924696168,291404,0.412079916932101,0.5,S1,W29U_D215F181D8F005BABBB41D37
-0.061572252204687025,-0.006716003909855273,0.9047574273696988,291404,0.4204765274398417,0.75,S1,W29U_D215F181D8F005BABBB41D37
-0.08253915427218479,-0.00988343007576864,0.9015900012037854,291404,0.42878127556624035,1.0,S1,W29U_D215F181D8F005BABBB41D37
0.0,0.0,0.7587511938656835,291404,0.5729623466201337,0.0,S1,W29U_339AD37DFA36D01C73FDFF3C
0.12895063295323556,0.07086219354998746,0.8296133874156709,291404,0.49907848936496735,0.25,S1,W29U_339AD37DFA36D01C73FDFF3C
0.2653403046342285,0.13441052761614403,0.8931617214818275,291404,0.42093234302373966,0.5,S1,W29U_339AD37DFA36D01C73FDFF3C
0.3900179641067625,0.17329396080697823,0.9320451546726617,291404,0.34949673868112596,0.75,S1,W29U_339AD37DFA36D01C73FDFF3C
0.46458444527031595,0.18980523821109108,0.9485564320767745,291404,0.3067729526543758,1.0,S1,W29U_339AD37DFA36D01C73FDFF3C
0.0,0.0,0.9449833352269273,291404,0.26539348478938796,0.0,S1,W29U_6E065B84AB4956262BB4BD6F
6.402418872302982e-06,0.0030136828770274127,0.9479970181039548,291404,0.26539178562913235,0.25,S1,W29U_6E065B84AB4956262BB4BD6F
-0.0019364305402901551,0.0057828711046790104,0.9507662063316064,291404,0.2659074008385301,0.5,S1,W29U_6E065B84AB4956262BB4BD6F
-0.005719920860087791,0.008275283527780508,0.9532586187547079,291404,0.2669115145191719,0.75,S1,W29U_6E065B84AB4956262BB4BD6F
-0.011233668237662085,0.010461999515239406,0.9554453347421668,291404,0.2683748271499602,1.0,S1,W29U_6E065B84AB4956262BB4BD6F
0.0,0.0,0.7707438930583755,291404,0.4997226170888009,0.0,S1,W29U_927D329B3C584BE046A0AFEA
-0.06726147621650047,-0.03691377607379864,0.7338301169845769,291404,0.5333346980130339,0.25,S1,W29U_927D329B3C584BE046A0AFEA
-0.15011936937910622,-0.0738158644064476,0.6969280286519279,291404,0.5747406612307984,0.5,S1,W29U_927D329B3C584BE046A0AFEA
-0.24031533366042013,-0.11148753467015005,0.6592563583882255,291404,0.6198136245523947,0.75,S1,W29U_927D329B3C584BE046A0AFEA
-0.3311809976250958,-0.15055304310519624,0.6201908499531793,291404,0.6652212519524249,1.0,S1,W29U_927D329B3C584BE046A0AFEA
0.0,0.0,0.7548041291230967,291404,0.5330366872868576,0.0,S1,W29U_B497E36FB07F5FA1D12D6681
-0.05413992685835781,-0.039886520990538576,0.7149176081325581,291404,0.5618952545494436,0.25,S1,W29U_B497E36FB07F5FA1D12D6681
-0.1228751955852963,-0.07770981704108282,0.6770943120820139,291404,0.5985336744914915,0.5,S1,W29U_B497E36FB07F5FA1D12D6681
-0.19883216128711126,-0.11120617914871811,0.6435979499743786,291404,0.6390215238656244,0.75,S1,W29U_B497E36FB07F5FA1D12D6681
-0.27519239758614294,-0.14408594063125824,0.6107181884918385,291404,0.6797243312629783,1.0,S1,W29U_B497E36FB07F5FA1D12D6681
0.0,0.0,0.7663023423620717,291404,0.5829485566643271,0.0,S1,W29U_C262155F67E1F514B8FA68C7
0.13628157312727462,0.06941431184888813,0.8357166542109599,291404,0.5035034103097021,0.25,S1,W29U_C262155F67E1F514B8FA68C7
0.2860763027498476,0.13234154518819896,0.8986438875502707,291404,0.4161807888801503,0.5,S1,W29U_C262155F67E1F514B8FA68C7
0.4272855036759584,0.16964392551504648,0.9359462678771182,291404,0.33386308901240985,0.75,S1,W29U_C262155F67E1F514B8FA68C7
0.5130020543496143,0.18379462200240793,0.9500969643644797,291404,0.28389474951487176,1.0,S1,W29U_C262155F67E1F514B8FA68C7
0.0,0.0,0.8434353279698392,291404,0.5133211821109224,0.0,S1,W29U_C9C26419E0818E40CBA4D6F3
0.0018492018956624784,0.003652763851293317,0.8470880918211325,291404,0.5123719476078773,0.25,S1,W29U_C9C26419E0818E40CBA4D6F3
0.003330016040909427,0.0072148348950454855,0.8506501628648847,291404,0.5116118143403511,0.5,S1,W29U_C9C26419E0818E40CBA4D6F3
0.004512792652058556,0.010657583163856565,0.8540929111336958,291404,0.5110046700521417,0.75,S1,W29U_C9C26419E0818E40CBA4D6F3
0.005464404040259951,0.013949355399434205,0.8573846833692734,291404,0.510516187769439,1.0,S1,W29U_C9C26419E0818E40CBA4D6F3
0.0,0.0,0.7999246369457923,291404,0.5528173411723253,0.0,S1,W29U_C37CB46A6C677AD0D2838FA4
-0.002858212000642942,0.011352780464693346,0.8112774174104856,291404,0.5543974103310304,0.25,S1,W29U_C37CB46A6C677AD0D2838FA4
-0.0032947701491803363,0.02229066826630477,0.8222153052120971,291404,0.5546387472459724,0.5,S1,W29U_C37CB46A6C677AD0D2838FA4
0.005541118474238897,0.03482649802369964,0.8347511349694919,291404,0.5497541147902701,0.75,S1,W29U_C37CB46A6C677AD0D2838FA4
0.029942166921112554,0.05142862509873969,0.851353262044532,291404,0.536264792066028,1.0,S1,W29U_C37CB46A6C677AD0D2838FA4
0.0,0.0,0.830464280121428,291404,0.524399640082221,0.0,S1,W29U_03C728A071DA819C6F3B21E4
0.019103419657147284,0.009494331776915943,0.839958611898344,291404,0.5143818136896542,0.25,S1,W29U_03C728A071DA819C6F3B21E4
0.03929065159732584,0.019063953026856928,0.849528233148285,291404,0.503795636525948,0.5,S1,W29U_03C728A071DA819C6F3B21E4
0.06052243086055197,0.02849032124796691,0.8589546013693949,291404,0.4926616991219859,0.75,S1,W29U_03C728A071DA819C6F3B21E4
0.08264288845632473,0.03750518982724638,0.8679694699486744,291404,0.4810617391202865,1.0,S1,W29U_03C728A071DA819C6F3B21E4
0.0,0.0,0.7888929785325994,291404,0.5419192843374996,0.0,S1,W29U_C93146E96852E40F0233C116
0.14726579369248216,0.0688859626485725,0.8577789411811719,291404,0.4621131108121285,0.25,S1,W29U_C93146E96852E40F0233C116
0.2979237887862067,0.12234250140523573,0.9112354799378352,291404,0.38046863793106417,0.5,S1,W29U_C93146E96852E40F0233C116
0.4193992167009175,0.14953723141779163,0.9384302099503911,291404,0.31463876097081106,0.75,S1,W29U_C93146E96852E40F0233C116
0.4670958897627662,0.15688303660036518,0.9457760151329646,291404,0.2887910140398066,1.0,S1,W29U_C93146E96852E40F0233C116
0.0,0.0,0.9331423106296064,291404,0.3449134436028949,0.0,S1,W29U_3F4110C5508739D0A0562757
-0.010811669765612708,0.001547830305118958,0.9346901409347254,291404,0.3486425338528605,0.25,S1,W29U_3F4110C5508739D0A0562757
-0.021050202359350994,0.0027612711377511534,0.9359035817673576,291404,0.35217394138721747,0.5,S1,W29U_3F4110C5508739D0A0562757
-0.030330007773546976,0.003685107121966902,0.9368274177515733,291404,0.3553746710286019,0.75,S1,W29U_3F4110C5508739D0A0562757
-0.03869165067062938,0.0043500826234442735,0.9374923932530507,291404,0.3582587140744206,1.0,S1,W29U_3F4110C5508739D0A0562757
0.0,0.0,0.943869452760904,291404,0.2730224683753378,0.0,S1,W29U_5225D08BCA1DB372E74B864E
-0.020627624911583646,5.5635740307868886e-05,0.9439250885012118,291404,0.2786542734454396,0.25,S1,W29U_5225D08BCA1DB372E74B864E
-0.042565167279545825,5.469335421115495e-06,0.9438749220963251,291404,0.2846437154128511,0.5,S1,W29U_5225D08BCA1DB372E74B864E
-0.06482905193281814,-0.00013905668890279443,0.9437303960720012,291404,0.2907222561565336,0.75,S1,W29U_5225D08BCA1DB372E74B864E
-0.08655764389957746,-0.0003698666800171502,0.9434995860808868,291404,0.29665464996964047,1.0,S1,W29U_5225D08BCA1DB372E74B864E
0.0,0.0,0.8845651195349294,291404,0.4600197756307833,0.0,S1,W29U_3B1DE5598F0CCCE7F61AFBE1
0.00764702992794526,0.004313324161816623,0.8888784436967461,291404,0.45650199063908037,0.25,S1,W29U_3B1DE5598F0CCCE7F61AFBE1
0.01533916184524002,0.008458222469926446,0.8930233420048559,291404,0.45296345784035635,0.5,S1,W29U_3B1DE5598F0CCCE7F61AFBE1
0.023045982331689772,0.012387844347571009,0.8969529638825005,291404,0.4494181680093453,0.75,S1,W29U_3B1DE5598F0CCCE7F61AFBE1
0.03071763337539489,0.016057773916300477,0.9006228934512299,291404,0.44588905681749474,1.0,S1,W29U_3B1DE5598F0CCCE7F61AFBE1
0.0,0.0,0.9628665146784303,291404,0.21722336279648233,0.0,S1,W29U_E8621BBB9863314435A966E1
-0.08302581196255446,-0.006227440825601227,0.9566390738528291,291404,0.23525850886997984,0.25,S1,W29U_E8621BBB9863314435A966E1
-0.2132276045068223,-0.015484266238857236,0.9473822484395731,291404,0.26354138008870587,0.5,S1,W29U_E8621BBB9863314435A966E1
-0.3332942610792473,-0.02748187393654855,0.9353846407418818,291404,0.28962266298921846,0.75,S1,W29U_E8621BBB9863314435A966E1
-0.4242250609074083,-0.04222677152215493,0.9206397431562754,291404,0.3093749571097563,1.0,S1,W29U_E8621BBB9863314435A966E1
0.0,0.0,0.8681668155498674,291404,0.4839994262775582,0.0,S1,W29U_0BDB0E4B75075FE966B69FDA
0.019788069296680647,0.008593036545492705,0.8767598520953601,291404,0.4744220120908044,0.25,S1,W29U_0BDB0E4B75075FE966B69FDA
0.04027248577994849,0.016919702221844024,0.8850865177717114,291404,0.46450756626525175,0.5,S1,W29U_0BDB0E4B75075FE966B69FDA
0.06127276359448339,0.024771383778493195,0.8929381993283606,291404,0.4543434438513265,0.75,S1,W29U_0BDB0E4B75075FE966B69FDA
0.08251079661824265,0.03194393044091026,0.9001107459907777,291404,0.44406424805254197,1.0,S1,W29U_0BDB0E4B75075FE966B69FDA
0.0,0.0,0.8669042701390708,291404,0.49198467724923456,0.0,S1,W29U_099BE3736653346E3715B34A
0.001475767874492334,0.002980001231251417,0.8698842713703222,291404,0.4912586220678062,0.25,S1,W29U_099BE3736653346E3715B34A
0.0027653224097249312,0.005797912222763046,0.8727021823618338,291404,0.4906241809959932,0.5,S1,W29U_099BE3736653346E3715B34A
0.003927045374713262,0.00843366796356304,0.8753379381026338,291404,0.49005263109800923,0.75,S1,W29U_099BE3736653346E3715B34A
0.005010732321262042,0.010869447718944603,0.8777737178580154,291404,0.48951947372537113,1.0,S1,W29U_099BE3736653346E3715B34A
0.0,0.0,0.9620026594481509,291404,0.1733119872890295,0.0,S1,W29U_32F562E65836D385C8CB4933
0.02779915871454239,-0.003657718219118089,0.9583449412290328,291404,0.1684940598472212,0.25,S1,W29U_32F562E65836D385C8CB4933
0.032521124423975784,-0.007396551042716859,0.954606108405434,291404,0.16767568658620394,0.5,S1,W29U_32F562E65836D385C8CB4933
0.01683936232928709,-0.01117539391908473,0.9508272655290662,291404,0.1703935239390439,0.75,S1,W29U_32F562E65836D385C8CB4933
-0.015331256123162528,-0.014981087452658581,0.9470215719954923,291404,0.17596907775538723,1.0,S1,W29U_32F562E65836D385C8CB4933
0.0,0.0,0.9440954468585316,291404,0.28596054615813365,0.0,S1,W29U_BFAD2644EFC4F67B5A47D53E
-0.0025035705210011937,0.0022492142998765674,0.9463446611584082,291404,0.28667646855166706,0.25,S1,W29U_BFAD2644EFC4F67B5A47D53E
-0.006660613584739188,0.004328435833883315,0.948423882692415,291404,0.2878652188565806,0.5,S1,W29U_BFAD2644EFC4F67B5A47D53E
-0.01198157043609359,0.0062294980931090205,0.9503249449516407,291404,0.2893868025838831,0.75,S1,W29U_BFAD2644EFC4F67B5A47D53E
-0.018001422680103518,0.007944007303769318,0.952039454162301,291404,0.29110824281937747,1.0,S1,W29U_BFAD2644EFC4F67B5A47D53E
0.0,0.0,0.9528626185074959,291404,0.24168581831369637,0.0,S1,W29U_06C75BD11D18D5EDD00EABD8
-0.011911044428217063,0.0012801658723863296,0.9541427843798822,291404,0.24456454883331272,0.25,S1,W29U_06C75BD11D18D5EDD00EABD8
-0.02501131155091792,0.0024302134922138396,0.9552928319997097,291404,0.2477306976130038,0.5,S1,W29U_06C75BD11D18D5EDD00EABD8
-0.03862567377115983,0.0034495982984090734,0.956312216805905,291404,0.25102109588703564,0.75,S1,W29U_06C75BD11D18D5EDD00EABD8
-0.05219624427141476,0.0043360843391241355,0.95719870284662,291404,0.25430091032338703,1.0,S1,W29U_06C75BD11D18D5EDD00EABD8
0.0,0.0,0.7313379594572276,291404,0.887934266257471,0.0,S2,W29U_326073E5F43273FC845408A0
-7.567245622910554e-05,0.0028949289004789325,0.7342328883577065,291404,0.8880014584243687,0.25,S2,W29U_326073E5F43273FC845408A0
-0.0017883858224822073,0.005797365722906012,0.7371353251801336,291404,0.8895222353105438,0.5,S2,W29U_326073E5F43273FC845408A0
-0.005121162636688451,0.008682909989529586,0.7400208694467572,291404,0.8924815220456692,0.75,S2,W29U_326073E5F43273FC845408A0
-0.010007100590826521,0.011529700810920862,0.7428676602681484,291404,0.8968199137779612,1.0,S2,W29U_326073E5F43273FC845408A0
0.0,0.0,0.934037743618904,291404,0.7851340605467104,0.0,S2,W29U_76811E4D88E5C2FA3ACD9DD3
-0.701100433934415,-0.006801969603860369,0.9272357740150436,291404,1.3355918910933995,0.25,S2,W29U_76811E4D88E5C2FA3ACD9DD3
-1.042738794881685,-0.007488703240403183,0.9265490403785008,291404,1.603823804662794,0.5,S2,W29U_76811E4D88E5C2FA3ACD9DD3
-0.5928119732419591,-0.006780451833085954,0.9272572917858181,291404,1.2505709322394705,0.75,S2,W29U_76811E4D88E5C2FA3ACD9DD3
0.15337757659011783,0.0024674652246223783,0.9365052088435264,291404,0.6647121010415438,1.0,S2,W29U_76811E4D88E5C2FA3ACD9DD3
0.0,0.0,0.9341480227126872,291404,0.9529010141694871,0.0,S2,W29U_7091BA5B54BA708C00866B17
0.000784968200606129,-0.0014943193000764854,0.9326537034126107,291404,0.952153017175038,0.25,S2,W29U_7091BA5B54BA708C00866B17
0.0011677819923076867,-0.003124945865486062,0.9310230768472011,291404,0.9517882335246871,0.5,S2,W29U_7091BA5B54BA708C00866B17
0.0010683870301878761,-0.004897701999945214,0.9292503207127419,291404,0.9518829470848945,0.75,S2,W29U_7091BA5B54BA708C00866B17
0.0004292089161424604,-0.006815701857702194,0.927332320854985,291404,0.952492020558004,1.0,S2,W29U_7091BA5B54BA708C00866B17
0.0,0.0,0.7842845858737336,291404,0.9417067537272196,0.0,S2,W29U_F7AB4F136A77970A34D1A43F
-0.027757378976784968,0.013058400146681026,0.7973429860204146,291404,0.9678460649754517,0.25,S2,W29U_F7AB4F136A77970A34D1A43F
-0.0696601768459494,0.020781817910609734,0.8050664037843434,291404,1.0073062127289523,0.5,S2,W29U_F7AB4F136A77970A34D1A43F
-0.043409148976523745,0.026669640389174187,0.8109542262629078,291404,0.9825854424920064,0.75,S2,W29U_F7AB4F136A77970A34D1A43F
0.026771602682739527,0.03575675904834019,0.8200413449220738,291404,0.9164957546727552,1.0,S2,W29U_F7AB4F136A77970A34D1A43F
0.0,0.0,0.785904382153074,291404,0.914665089961514,0.0,S2,W29U_8E712C01124CEB485ECD2748
-0.47197740787583664,-0.008384096711150257,0.7775202854419238,291404,1.3463663481965402,0.25,S2,W29U_8E712C01124CEB485ECD2748
-0.9389560472165394,-0.010563134235614058,0.77534124791746,291404,1.7734954073596765,0.5,S2,W29U_8E712C01124CEB485ECD2748
-0.9866630325427392,-0.014387264199062555,0.7715171179540115,291404,1.8171313213849054,0.75,S2,W29U_8E712C01124CEB485ECD2748
-0.62990691912454,-0.019379069893838863,0.7665253122592351,291404,1.4908189588105714,1.0,S2,W29U_8E712C01124CEB485ECD2748
0.0,0.0,0.9856857367271553,291404,1.250933121046541,0.0,S2,W29U_FA9D93D425F5C70A742F5E9C
0.15114590793941185,-0.0016070504772250915,0.9840786862499302,291404,1.0618596986943283,0.25,S2,W29U_FA9D93D425F5C70A742F5E9C
0.30671314354299795,-0.0034251975643130317,0.9822605391628423,291404,0.8672554911279962,0.5,S2,W29U_FA9D93D425F5C70A742F5E9C
0.41718260389014505,-0.005576655114835627,0.9801090816123197,291404,0.7290655843155018,0.75,S2,W29U_FA9D93D425F5C70A742F5E9C
0.4401208469503702,-0.01036962828393817,0.9753161084432171,291404,0.7003713763328273,1.0,S2,W29U_FA9D93D425F5C70A742F5E9C
0.0,0.0,0.7672778042554439,291404,1.2746012225006291,0.0,S2,W29U_A95DCDBC237EC90DA99443C6
-0.03979264341240713,-0.00949114241776694,0.757786661837677,291404,1.3253209744406547,0.25,S2,W29U_A95DCDBC237EC90DA99443C6
0.009350105214042644,-0.021193991773467147,0.7460838124819767,291404,1.2626835669642915,0.5,S2,W29U_A95DCDBC237EC90DA99443C6
-0.03546330109994281,-0.07522815408031813,0.6920496501751258,291404,1.3198027894365596,0.75,S2,W29U_A95DCDBC237EC90DA99443C6
-0.03951868276809085,-0.07199407332279806,0.6952837309326458,291404,1.3249717838684918,1.0,S2,W29U_A95DCDBC237EC90DA99443C6
0.0,0.0,0.9690821479131179,291404,0.7913614382965053,0.0,S2,W29U_75056D080DB9B6E897E24389
0.02986450817493368,0.0010047103328050255,0.9700868582459229,291404,0.7677278181531422,0.25,S2,W29U_75056D080DB9B6E897E24389
0.061914419938089583,0.001983345020116989,0.9710654929332349,291404,0.742364753882943,0.5,S2,W29U_75056D080DB9B6E897E24389
0.09602358348847431,0.0029395450413023383,0.9720216929544202,291404,0.7153720771565857,0.75,S2,W29U_75056D080DB9B6E897E24389
0.13201982419709746,0.0038749829419952864,0.9729571308551132,291404,0.6868860403361065,1.0,S2,W29U_75056D080DB9B6E897E24389
0.0,0.0,0.9235313054956802,291404,0.6621207717967098,0.0,S2,W29U_5D3E6C4B86EA4699F1BA5BC9
0.7470789117721397,0.06402854955436532,0.9875598550500455,291404,0.16746430614034752,0.25,S2,W29U_5D3E6C4B86EA4699F1BA5BC9
0.8642146032555977,0.06978882184013213,0.9933201273358123,291404,0.08990633169026185,0.5,S2,W29U_5D3E6C4B86EA4699F1BA5BC9
0.9148969545713845,0.07402362647947325,0.9975549319751534,291404,0.05634849412053041,0.75,S2,W29U_5D3E6C4B86EA4699F1BA5BC9
0.9438042086466079,0.07551990876452797,0.9990512142602082,291404,0.037208400741691065,1.0,S2,W29U_5D3E6C4B86EA4699F1BA5BC9
0.0,0.0,0.8763932089522838,291404,1.6919223792947342,0.0,S2,W29U_F0BEB3AB1E28EE7E91693942
0.20705594019547902,0.029404308407909197,0.905797517360193,291404,1.341599800311884,0.25,S2,W29U_F0BEB3AB1E28EE7E91693942
0.8069828176938391,0.0874437148903523,0.9638369238426361,291404,0.3265700903313982,0.5,S2,W29U_F0BEB3AB1E28EE7E91693942
0.9068132095210347,0.11069465242677812,0.9870878613790619,291404,0.15766481626510398,0.75,S2,W29U_F0BEB3AB1E28EE7E91693942
0.9433304835988096,0.11813737381398659,0.9945305827662704,291404,0.09588042302204078,1.0,S2,W29U_F0BEB3AB1E28EE7E91693942
0.0,0.0,0.9795579102502696,291404,0.7208937010276286,0.0,S2,W29U_5D7544863F07E544752F14A3
0.05038096712512045,0.0018230921371480413,0.9813810023874177,291404,0.6845743791753989,0.25,S2,W29U_5D7544863F07E544752F14A3
0.10434263004941584,0.003187702866191411,0.982745613116461,291404,0.6456737562762442,0.5,S2,W29U_5D7544863F07E544752F14A3
0.16150586074776138,0.004091027622623256,0.9836489378728929,291404,0.6044651433353606,0.75,S2,W29U_5D7544863F07E544752F14A3
0.22121596526470944,0.0045280899207641445,0.9840860001710338,291404,0.5614205051013317,1.0,S2,W29U_5D7544863F07E544752F14A3
0.0,0.0,0.7481593198056746,291404,1.1962697767442816,0.0,S2,W29U_894380770DDE02AAD0312DF3
0.6005083562938155,0.11814142171922692,0.8663007415249016,291404,0.4778997794270029,0.25,S2,W29U_894380770DDE02AAD0312DF3
0.7042413955026273,0.17100794705710354,0.9191672668627782,291404,0.353807079771568,0.5,S2,W29U_894380770DDE02AAD0312DF3
0.79699431808704,0.207527334342681,0.9556866541483556,291404,0.24284956177904016,0.75,S2,W29U_894380770DDE02AAD0312DF3
0.8732130436019778,0.23029399080049162,0.9784533106061662,291404,0.1516714040234758,1.0,S2,W29U_894380770DDE02AAD0312DF3
0.0,0.0,0.981185141320748,291404,0.38438382656802306,0.0,S2,W29U_B580C1E61BF9DD2D208CAADD
-1.5183776775175972,0.00021486420289063002,0.9814000055236386,291404,0.9680236484292232,0.25,S2,W29U_B580C1E61BF9DD2D208CAADD
-1.6512489088350348,0.0060430653149345925,0.9872282066356826,291404,1.0190972007639576,0.5,S2,W29U_B580C1E61BF9DD2D208CAADD
0.8501972448845814,0.017217172703124728,0.9984023140238727,291404,0.05758175624084692,0.75,S2,W29U_B580C1E61BF9DD2D208CAADD
-0.28801189861377596,0.002734295188110747,0.9839194365088587,291404,0.49509094225459577,1.0,S2,W29U_B580C1E61BF9DD2D208CAADD
0.0,0.0,0.8702461930762245,291404,0.9654264803069766,0.0,S2,W29U_2341959B2E16642BC6F095EA
0.0009960945115215353,0.00211401453008353,0.8723602076063081,291404,0.9644648242886643,0.25,S2,W29U_2341959B2E16642BC6F095EA
0.001572068826322962,0.0039839983718605865,0.8742301914480851,291404,0.9639087634331778,0.5,S2,W29U_2341959B2E16642BC6F095EA
0.0016887800694303087,0.005583310485471338,0.8758295035616959,291404,0.9637960873085323,0.75,S2,W29U_2341959B2E16642BC6F095EA
0.0013227053253118226,0.006885440371254825,0.8771316334474794,291404,0.9641495055602762,1.0,S2,W29U_2341959B2E16642BC6F095EA
0.0,0.0,0.8248687359612716,291404,1.355511051660236,0.0,S2,W29U_892DA025ACDFF84933321F20
0.1171011782973566,-0.009327837789046889,0.8155408981722247,291404,1.1967791103156162,0.25,S2,W29U_892DA025ACDFF84933321F20
0.2078218962911776,-0.020667116697190013,0.8042016192640816,291404,1.0738061744603495,0.5,S2,W29U_892DA025ACDFF84933321F20
0.18586025351641283,-0.04048013007515283,0.7843886058861188,291404,1.1035754239541793,0.75,S2,W29U_892DA025ACDFF84933321F20
0.011857707471417992,-0.04973328885451245,0.7751354471067592,291404,1.339437798135363,1.0,S2,W29U_892DA025ACDFF84933321F20
0.0,0.0,0.9291938791980532,291404,1.3802692087204587,0.0,S2,W29U_73065A553DFE906571964300
0.05782632666760223,0.0020379553423568453,0.93123183454041,291404,1.3004533105676988,0.25,S2,W29U_73065A553DFE906571964300
0.10799464132069515,0.0034573186330061345,0.9326511978310593,291404,1.231207530598585,0.5,S2,W29U_73065A553DFE906571964300
0.1493888085550285,0.004113827717961094,0.9333077069160143,291404,1.174072436144368,0.75,S2,W29U_73065A553DFE906571964300
0.18192927542269588,0.003877432772017464,0.9330713119700706,291404,1.129157831689506,1.0,S2,W29U_73065A553DFE906571964300
0.0,0.0,0.46667361130207097,291404,1.192411490037246,0.0,S2,W29U_C60ABF0DB56F7FBB9895074C
-0.04741184273625837,0.015970341406688737,0.4826439527087597,291404,1.2489459160798468,0.25,S2,W29U_C60ABF0DB56F7FBB9895074C
-0.07474159580746322,0.037961828913445905,0.5046354402155169,291404,1.2815342276618595,0.5,S2,W29U_C60ABF0DB56F7FBB9895074C
0.0893158678533183,0.0789975627096341,0.5456711740117051,291404,1.0859102229662116,0.75,S2,W29U_C60ABF0DB56F7FBB9895074C
0.3138880826646938,0.17281903619966943,0.6394926475017404,291404,0.8181277336817903,1.0,S2,W29U_C60ABF0DB56F7FBB9895074C
0.0,0.0,0.7743299358514448,291404,1.5927311910854125,0.0,S2,W29U_3DF0E7AAB226AAD308C16CE9
0.2048168808152716,-0.009513569520842147,0.7648163663306027,291404,1.2665129565499011,0.25,S2,W29U_3DF0E7AAB226AAD308C16CE9
0.41516926148375055,-0.016477793804281826,0.757852142047163,291404,0.9314781587399322,0.5,S2,W29U_3DF0E7AAB226AAD308C16CE9
0.3916615682725492,-0.03430949566627495,0.7400204401851699,291404,0.9689195949479029,0.75,S2,W29U_3DF0E7AAB226AAD308C16CE9
0.3865317766916665,-0.05383218012765778,0.720497755723787,291404,0.9770899740025473,1.0,S2,W29U_3DF0E7AAB226AAD308C16CE9
0.0,0.0,0.9751223046991435,291404,0.9265711785244904,0.0,S2,W29U_BFB40E437B015FF1CAF06607
0.005603159259084537,0.0011104367078668131,0.9762327414070103,291404,0.9213794526463345,0.25,S2,W29U_BFB40E437B015FF1CAF06607
0.01231184574455472,0.0018551965316550012,0.9769775012307985,291404,0.9151633771031343,0.5,S2,W29U_BFB40E437B015FF1CAF06607
0.020335946227994915,0.002227158026834153,0.9773494627259777,291404,0.9077284768615862,0.75,S2,W29U_BFB40E437B015FF1CAF06607
0.02991753089726194,0.002219799477406248,0.9773421041765498,291404,0.8988504566624417,1.0,S2,W29U_BFB40E437B015FF1CAF06607
0.0,0.0,0.7315928404765879,291404,1.308705956302519,0.0,S2,W29U_CEE8A1F4EEDE37ED7EE387BD
0.022021823824580938,0.06998404086888466,0.8015768813454726,291404,1.2798858642946231,0.25,S2,W29U_CEE8A1F4EEDE37ED7EE387BD
0.025251281714563457,0.16937783645762916,0.9009706769342171,291404,1.2756594535183716,0.5,S2,W29U_CEE8A1F4EEDE37ED7EE387BD
0.06747880190213165,0.01765608965736032,0.7492489301339482,291404,1.220396046328974,0.75,S2,W29U_CEE8A1F4EEDE37ED7EE387BD
0.6518714724042114,0.23559794179937643,0.9671907822759643,291404,0.4555978776227824,1.0,S2,W29U_CEE8A1F4EEDE37ED7EE387BD
0.0,0.0,0.9587973574213008,291404,1.2147133490771276,0.0,S2,W29U_FDC8D87187069F82ADEA16CB
0.02782105591144934,0.03033760330445978,0.9891349607257606,291404,1.1809187410760411,0.25,S2,W29U_FDC8D87187069F82ADEA16CB
-0.029368655881913217,0.0344504010438722,0.993247758465173,291404,1.2503878474213694,0.5,S2,W29U_FDC8D87187069F82ADEA16CB
0.02290695629819325,0.03387150947495554,0.9926688668962563,291404,1.186887963474963,0.75,S2,W29U_FDC8D87187069F82ADEA16CB
0.1382695991283096,0.03134469838024123,0.990142055801542,291404,1.0467554212442884,1.0,S2,W29U_FDC8D87187069F82ADEA16CB
0.0,0.0,0.9733965511612334,291404,0.8622246078651451,0.0,S2,W29U_930765BC222C77ED6DA8FCF1
-0.0021087630823354744,0.0021524753488446624,0.975549026510078,291404,0.8640428352868944,0.25,S2,W29U_930765BC222C77ED6DA8FCF1
-0.0037016270929201038,0.003811173486721109,0.9772077246479545,291404,0.8654162418338048,0.5,S2,W29U_930765BC222C77ED6DA8FCF1
-0.004881899085900138,0.004953651465241182,0.9783502026264745,291404,0.8664339013901274,0.75,S2,W29U_930765BC222C77ED6DA8FCF1
-0.005740873749139783,0.0055607293754504905,0.9789572805366838,291404,0.8671745304823062,1.0,S2,W29U_930765BC222C77ED6DA8FCF1
0.0,0.0,0.7484309735952305,291404,1.1866119132035113,0.0,S2,W29U_8554CD43CD3B32615F3A644F
0.6077760818701434,0.12166597015259306,0.8700969437478235,291404,0.46541757389563865,0.25,S2,W29U_8554CD43CD3B32615F3A644F
0.7189594670109607,0.17793089536448936,0.9263618689597198,291404,0.3334860445371395,0.5,S2,W29U_8554CD43CD3B32615F3A644F
0.8151614370437027,0.21370819091526916,0.9621391645104996,291404,0.2193316408225444,0.75,S2,W29U_8554CD43CD3B32615F3A644F
0.8815272162393812,0.2318846356101707,0.9803156092054012,291404,0.14058121659985207,1.0,S2,W29U_8554CD43CD3B32615F3A644F
0.0,0.0,0.8030599556731328,291404,1.2108774744211348,0.0,S2,W29U_3312DE18215FD10EB1066B20
0.35048172368099745,0.051159840248226174,0.854219795921359,291404,0.7864870500191721,0.25,S2,W29U_3312DE18215FD10EB1066B20
0.11352767978789696,0.09596486565863338,0.8990248213317662,291404,1.0734093642425613,0.5,S2,W29U_3312DE18215FD10EB1066B20
0.6511958398803566,0.11660422862652309,0.9196641842996559,291404,0.42235910047260766,0.75,S2,W29U_3312DE18215FD10EB1066B20
0.34961145220376355,0.14416712947134513,0.947227085144478,291404,0.7875408421475867,1.0,S2,W29U_3312DE18215FD10EB1066B20
0.0,0.0,0.9836205241534246,291404,1.2024791502507777,0.0,S2,W29U_A2599D3295EC0563B06B9904
-0.12442016378349743,0.005182169643128898,0.9888026937965535,291404,1.3520918030713447,0.25,S2,W29U_A2599D3295EC0563B06B9904
0.37981232989249125,0.006702675556220283,0.9903231997096449,291404,0.7457627425465069,0.5,S2,W29U_A2599D3295EC0563B06B9904
0.6819175160458589,-0.001399940335302663,0.9822205838181219,291404,0.38248755501415016,0.75,S2,W29U_A2599D3295EC0563B06B9904
0.9492555957132303,0.014944597277158023,0.9985651214305826,291404,0.06101908814578756,1.0,S2,W29U_A2599D3295EC0563B06B9904
0.0,0.0,0.9637404952491833,291404,1.313595300686201,0.0,S2,W29U_61CA805816309171BA652E24
-0.005176850189496075,-0.00793981570016733,0.9558006795490159,291404,1.3203955867674846,0.25,S2,W29U_61CA805816309171BA652E24
-0.010401147034649613,-0.01711392639871656,0.9466265688504667,291404,1.3272581985526732,0.5,S2,W29U_61CA805816309171BA652E24
-0.01562969918119006,-0.027175765628988824,0.9365647296201944,291404,1.3341264000817668,0.75,S2,W29U_61CA805816309171BA652E24
-0.020824981911447327,-0.03785051800112682,0.9258899772480564,291404,1.340950899061974,1.0,S2,W29U_61CA805816309171BA652E24
0.0,0.0,0.9882164351392233,291404,0.6627134580694402,0.0,S2,W29U_4A949BC43B7EBA039FBCF755
-0.9177280994243636,0.003510696318893114,0.9917271314581164,291404,1.2709042204073728,0.25,S2,W29U_4A949BC43B7EBA039FBCF755
0.11845674513167624,0.007810058582156776,0.9960264937213801,291404,0.5842105788714582,0.5,S2,W29U_4A949BC43B7EBA039FBCF755
0.24357549703639103,0.007173413589569355,0.9953898487287927,291404,0.5012926981272272,0.75,S2,W29U_4A949BC43B7EBA039FBCF755
-0.83165848883106,0.0039794373837480634,0.9921958725229714,291404,1.2138647311363084,1.0,S2,W29U_4A949BC43B7EBA039FBCF755
0.0,0.0,0.9929964667480673,291404,0.9817922277060862,0.0,S2,W29U_BAEA92E0AF8EFDA4A5D1A272
-0.4482244075149066,-0.004479633423504881,0.9885168333245624,291404,1.4218554672728352,0.25,S2,W29U_BAEA92E0AF8EFDA4A5D1A272
-0.5625256462780346,-0.008982224675713413,0.9840142420723539,291404,1.5340755351077662,0.5,S2,W29U_BAEA92E0AF8EFDA4A5D1A272
-0.3276158347503948,-0.013722686657425598,0.9792737800906417,291404,1.303442907937793,0.75,S2,W29U_BAEA92E0AF8EFDA4A5D1A272
-0.046601137754834654,-0.01826943239850265,0.9747270343495646,291404,1.0275448625560901,1.0,S2,W29U_BAEA92E0AF8EFDA4A5D1A272
0.0,0.0,0.5579675123150983,291404,1.0218885619428277,0.0,S2,W29U_7B66010E91B04E7D027A4DB1
-0.01778379003242816,0.01912698994616524,0.5770945022612636,291404,1.0400616135649767,0.25,S2,W29U_7B66010E91B04E7D027A4DB1
-0.046304462177081625,0.03689026131785744,0.5948577736329558,291404,1.069206562208548,0.5,S2,W29U_7B66010E91B04E7D027A4DB1
-0.021168711698466573,0.061791049988627056,0.6197585623037254,291404,1.0435206262985772,0.75,S2,W29U_7B66010E91B04E7D027A4DB1
0.023060976930637467,0.09894524073884814,0.6569127530539465,291404,0.9983228133901588,1.0,S2,W29U_7B66010E91B04E7D027A4DB1
0.0,0.0,0.8585399847329181,291404,1.0997772315095355,0.0,S2,W29U_C1EEFD3EC60839B7FC16C567
0.24690227620576816,0.014592765778373762,0.8731327505112919,291404,0.8282397297303062,0.25,S2,W29U_C1EEFD3EC60839B7FC16C567
0.13939101893425296,0.01816080299689149,0.8767007877298096,291404,0.9464781626085902,0.5,S2,W29U_C1EEFD3EC60839B7FC16C567
-0.24452129585991228,0.007801168669292813,0.866341153402211,291404,1.3686961853157185,0.75,S2,W29U_C1EEFD3EC60839B7FC16C567
-0.48300521744302677,0.00252537769139749,0.8610653624243156,291404,1.6309753723541718,1.0,S2,W29U_C1EEFD3EC60839B7FC16C567
0.0,0.0,0.8068981732206687,291404,1.3714627006387607,0.0,S2,W29U_845964ADB660A765D929E61B
0.40295347259196784,0.05641369718398259,0.8633118704046513,291404,0.8188270428856107,0.25,S2,W29U_845964ADB660A765D929E61B
-0.021400514707553574,0.09513250696417852,0.9020306801848472,291404,1.400812708334663,0.5,S2,W29U_845964ADB660A765D929E61B
0.475894892782018,0.09595646170719874,0.9028546349278674,291404,0.7187906057632649,0.75,S2,W29U_845964ADB660A765D929E61B
0.7379178224020594,0.1299143202425902,0.9368124934632589,291404,0.35943593107702093,1.0,S2,W29U_845964ADB660A765D929E61B
0.0,0.0,0.9465371426377079,291404,0.833892706947612,0.0,S2,W29U_35C707ACB41E5A2BB2C7F4F4
-0.07765429636737385,-0.00714701610348345,0.9393901265342245,291404,0.8986480583515911,0.25,S2,W29U_35C707ACB41E5A2BB2C7F4F4
-0.20570168434960162,-0.011365081558201373,0.9351720610795066,291404,1.0054258413337902,0.5,S2,W29U_35C707ACB41E5A2BB2C7F4F4
-0.35718875151289486,-0.01446140318574296,0.932075739451965,291404,1.131749801838295,0.75,S2,W29U_35C707ACB41E5A2BB2C7F4F4
-0.510846321469684,-0.0178325817665137,0.9287045608711942,291404,1.2598837287927076,1.0,S2,W29U_35C707ACB41E5A2BB2C7F4F4
0.0,0.0,0.9174960678238313,291404,1.7208708170775355,0.0,S2,W29U_949CC7C8E67B372BAFDBC304
0.10867236257405646,0.0015981736006472902,0.9190942414244786,291404,1.533859719700864,0.25,S2,W29U_949CC7C8E67B372BAFDBC304
0.3145118936480125,0.004507870779268397,0.9220039386030997,291404,1.1796364776745627,0.5,S2,W29U_949CC7C8E67B372BAFDBC304
0.49251377654528516,0.00967372956303425,0.9271697973868656,291404,0.8733182320116153,0.75,S2,W29U_949CC7C8E67B372BAFDBC304
0.5512940799689056,0.003256553027181419,0.9207526208510127,291404,0.7721649232308855,1.0,S2,W29U_949CC7C8E67B372BAFDBC304
0.0,0.0,0.9877181842664358,291404,0.5881815123087686,0.0,S2,W29U_66B630D7911A20329B5E4CE5
-0.027236388855006417,-0.0012523335144657421,0.98646585075197,291404,0.6042014526953632,0.25,S2,W29U_66B630D7911A20329B5E4CE5
-0.2848187880128361,-0.0017397117637133475,0.9859784725027224,291404,0.7557066577763939,0.5,S2,W29U_66B630D7911A20329B5E4CE5
-0.5912577580803965,-0.0013451144832645756,0.9863730697831712,291404,0.9359483946213795,0.75,S2,W29U_66B630D7911A20329B5E4CE5
-0.858810023738107,-0.0006951286662782996,0.9870230556001575,291404,1.0933176908578366,1.0,S2,W29U_66B630D7911A20329B5E4CE5
0.0,0.0,0.95158559712853,291404,1.5177194791921353,0.0,S2,W29U_4AB8314629FC2762CF312EFA
0.19895098585145518,0.004120264548058916,0.9557058616765889,291404,1.215767692560704,0.25,S2,W29U_4AB8314629FC2762CF312EFA
0.3904875179588152,0.009370952769904517,0.9609565498984345,291404,0.9250689668042622,0.5,S2,W29U_4AB8314629FC2762CF312EFA
0.45080970686373856,0.004248826051430066,0.95583442317996,291404,0.833516805675692,0.75,S2,W29U_4AB8314629FC2762CF312EFA
0.3709016419175036,-0.006194880146781712,0.9453907169817483,291404,0.954794832389223,1.0,S2,W29U_4AB8314629FC2762CF312EFA
0.0,0.0,0.9182532553930759,291404,0.9483309705966245,0.0,S2,W29U_350A2A50D509582EE77C5BC2
-0.0008417218954588329,0.0013109678218481413,0.919564223214924,291404,0.9491292015387183,0.25,S2,W29U_350A2A50D509582EE77C5BC2
-0.0019357784474489897,0.002472654056157042,0.9207259094492329,291404,0.9501667292505558,0.5,S2,W29U_350A2A50D509582EE77C5BC2
-0.003305479872520022,0.0034982222254688056,0.9217514776185447,291404,0.9514656595324223,0.75,S2,W29U_350A2A50D509582EE77C5BC2
-0.004971031093196198,0.004397731279415007,0.9226509866724909,291404,0.9530451533381062,1.0,S2,W29U_350A2A50D509582EE77C5BC2
0.0,0.0,0.7198965894188795,291404,0.923637127150122,0.0,S2,W29U_900AA2BEA87870498EC902FB
-0.0020789945474299363,0.0023803094314707174,0.7222768988503502,291404,0.9255573637012731,0.25,S2,W29U_900AA2BEA87870498EC902FB
-0.002482895298141481,0.004840813358705787,0.7247374027775852,291404,0.9259304214303145,0.5,S2,W29U_900AA2BEA87870498EC902FB
-0.0012466277361165,0.007368835472207791,0.7272654248910873,291404,0.9247885588109356,0.75,S2,W29U_900AA2BEA87870498EC902FB
0.0015754150444403682,0.009949271813715299,0.7298458612325948,291404,0.9221820153244045,1.0,S2,W29U_900AA2BEA87870498EC902FB
0.0,0.0,0.9417858920454184,291404,1.0544232960116457,0.0,S2,W29U_A28F88AE9DF49C367E44FAD1
-0.0010211261064764293,-0.000497902761919633,0.9412879892834988,291404,1.0554999951664812,0.25,S2,W29U_A28F88AE9DF49C367E44FAD1
-0.0018446479576261327,-0.0011271912900792103,0.9406587007553392,291404,1.056368335791109,0.5,S2,W29U_A28F88AE9DF49C367E44FAD1
-0.0024951241248381034,-0.0018861479966212347,0.9398997440487972,291404,1.0570542130153182,0.75,S2,W29U_A28F88AE9DF49C367E44FAD1
-0.0029961171915552772,-0.002772367489556893,0.9390135245558615,291404,1.0575824717760056,1.0,S2,W29U_A28F88AE9DF49C367E44FAD1
0.0,0.0,0.943403283129199,291404,0.7802351766543631,0.0,S2,W29U_5D9D815DFF68050432EF99CA
-0.15619975865421146,-0.0020017471011498644,0.9414015360280491,291404,0.9021077229414569,0.25,S2,W29U_5D9D815DFF68050432EF99CA
-0.3078717756837013,-0.0028170762173567176,0.9405862069118422,291404,1.0204475659421361,0.5,S2,W29U_5D9D815DFF68050432EF99CA
-0.45209141895711924,-0.003045725098688723,0.9403575580305102,291404,1.1329728047887448,0.75,S2,W29U_5D9D815DFF68050432EF99CA
-0.587288292486211,-0.0030492033852647094,0.9403540797439343,291404,1.2384581612899686,1.0,S2,W29U_5D9D815DFF68050432EF99CA
0.0,0.0,0.987818427911475,291404,1.345577341636884,0.0,S2,W29U_5CE02771C093B1300C2D102D
-0.05994397609945701,-0.052695273755185235,0.9351231541562898,291404,1.4262365976439961,0.25,S2,W29U_5CE02771C093B1300C2D102D
0.21177257836640562,0.0018738020804114353,0.9896922299918864,291404,1.0606209586068154,0.5,S2,W29U_5CE02771C093B1300C2D102D
0.7402625950116912,0.009256989832080453,0.9970754177435555,291404,0.34949676692709103,0.75,S2,W29U_5CE02771C093B1300C2D102D
0.8681467009816836,0.009517263602725534,0.9973356915142005,291404,0.1774188115782511,1.0,S2,W29U_5CE02771C093B1300C2D102D
0.0,0.0,0.9398817039703385,291404,1.101604458000866,0.0,S2,W29U_08B2456A07EE4238C5B02531
0.26730498938166786,0.02616974663950955,0.9660514506098481,291404,0.8071400900518791,0.25,S2,W29U_08B2456A07EE4238C5B02531
-0.17103963756270493,0.03988589816429888,0.9797676021346374,291404,1.290022485234965,0.5,S2,W29U_08B2456A07EE4238C5B02531
0.5664584987819461,0.052098060595917706,0.9919797645662563,291404,0.47759125046962947,0.75,S2,W29U_08B2456A07EE4238C5B02531
0.49048619148374606,0.049537384287254405,0.989419088257593,291404,0.5612826828740144,1.0,S2,W29U_08B2456A07EE4238C5B02531
0.0,0.0,0.9037686772414224,291404,0.8985407027893598,0.0,S2,W29U_DEE413EAB57AC5251CC94C3E
0.009537061583806855,0.00929658543932066,0.9130652626807431,291404,0.8899712647712911,0.25,S2,W29U_DEE413EAB57AC5251CC94C3E
0.019243961918762553,0.018477532954433884,0.9222462101958563,291404,0.881249219722404,0.5,S2,W29U_DEE413EAB57AC5251CC94C3E
0.029088703957475193,0.027503176602062918,0.9312718538434853,291404,0.8724033182921493,0.75,S2,W29U_DEE413EAB57AC5251CC94C3E
0.039192922255796084,0.036266645953066945,0.9400353231944893,291404,0.8633242668812289,1.0,S2,W29U_DEE413EAB57AC5251CC94C3E
0.0,0.0,0.533135869516219,291404,0.8450873134708903,0.0,S2,W29U_D81E592C61FB76827E183645
0.10384759083379548,0.01811212370828985,0.5512479932245089,291404,0.75732703192263,0.25,S2,W29U_D81E592C61FB76827E183645
0.2192370309069903,0.04254847828002617,0.5756843477962452,291404,0.6598128800081481,0.5,S2,W29U_D81E592C61FB76827E183645
0.3326980937931784,0.07955259752389376,0.6126884670401128,291404,0.5639283751899942,0.75,S2,W29U_D81E592C61FB76827E183645
0.42982439164827557,0.13881329340145643,0.6719491629176755,291404,0.48184817306815947,1.0,S2,W29U_D81E592C61FB76827E183645
0.0,0.0,0.9279588538126649,291404,1.7820308386302495,0.0,S2,W29U_1132CA32846D8F057C579B58
0.43206466436053503,0.004993356962635698,0.9329522107753005,291404,1.012078282456916,0.25,S2,W29U_1132CA32846D8F057C579B58
0.9400817454944047,0.06823827715816033,0.9961971309708252,291404,0.1067761773249266,0.5,S2,W29U_1132CA32846D8F057C579B58
0.9731941435737961,0.06986494366449592,0.9978237974771608,291404,0.04776886280641701,0.75,S2,W29U_1132CA32846D8F057C579B58
0.9742149340114495,0.07076661463755829,0.9987254684502231,291404,0.04594978276673849,1.0,S2,W29U_1132CA32846D8F057C579B58
0.0,0.0,0.7692218132439219,291404,1.4262011286532468,0.0,S2,W29U_FE6861630248BEA0B78E17F9
0.6356828105681435,0.14438617114073116,0.9136079843846531,291404,0.5195895867548568,0.25,S2,W29U_FE6861630248BEA0B78E17F9
0.4269748900135426,0.18234854477414986,0.9515703580180718,291404,0.8172490586089094,0.5,S2,W29U_FE6861630248BEA0B78E17F9
0.062139736330669215,0.1991539741137679,0.9683757873576898,291404,1.337577366564169,0.75,S2,W29U_FE6861630248BEA0B78E17F9
0.41120242054784684,0.20931831961512848,0.9785401328590504,291404,0.8397437723625494,1.0,S2,W29U_FE6861630248BEA0B78E17F9
0.0,0.0,0.7523741215237483,291404,1.1592742680520747,0.0,S2,W29U_4B296E6D957772C67FE3C252
0.2320635426216395,-0.007606348066968138,0.7447677734567801,291404,0.89024897453757,0.25,S2,W29U_4B296E6D957772C67FE3C252
-0.15427855275616387,-0.02098395996990221,0.7313901615538461,291404,1.3381254243747642,0.5,S2,W29U_4B296E6D957772C67FE3C252
-0.32512511203616873,-0.04007855158455409,0.7122955699391942,291404,1.536183444333478,0.75,S2,W29U_4B296E6D957772C67FE3C252
-0.32037564971133786,-0.07033490528412267,0.6820392162396256,291404,1.5306775148732141,1.0,S2,W29U_4B296E6D957772C67FE3C252
0.0,0.0,0.735862623200617,291404,1.450512898829719,0.0,S2,W29U_A7B8E37FC1BCCA0FFB6D7F9E
0.09360416917658634,0.12790939050576144,0.8637720137063785,291404,1.3147388440547476,0.25,S2,W29U_A7B8E37FC1BCCA0FFB6D7F9E
0.04347228521138817,0.18582484663106225,0.9216874698316793,291404,1.3874557883889524,0.5,S2,W29U_A7B8E37FC1BCCA0FFB6D7F9E
0.09011566253742592,0.20384403254934313,0.9397066557499602,291404,1.3197989679325064,0.75,S2,W29U_A7B8E37FC1BCCA0FFB6D7F9E
0.01988868554321537,0.13812165251080055,0.8739842757114176,291404,1.421664103908497,1.0,S2,W29U_A7B8E37FC1BCCA0FFB6D7F9E
0.0,0.0,0.9257304510492133,291404,1.362299763920734,0.0,S2,W29U_E40515EC2262E92D9B884A15
-0.12581695582767718,0.023797585758262407,0.9495280368074757,291404,1.5337001731421298,0.25,S2,W29U_E40515EC2262E92D9B884A15
0.001278228497033748,0.04406750854862329,0.9697979595978365,291404,1.3605584335409868,0.5,S2,W29U_E40515EC2262E92D9B884A15
-0.0035483099093737936,0.05609084183757007,0.9818212928867833,291404,1.367133625672595,0.75,S2,W29U_E40515EC2262E92D9B884A15
-0.1545595110023689,-0.035076028487869726,0.8906544225613435,291404,1.5728561492711197,1.0,S2,W29U_E40515EC2262E92D9B884A15
0.0,0.0,0.7943458145169414,291404,1.024206891851126,0.0,S2,W29U_41FD60E27CD7FE165904AA23
-0.019503827797679476,0.011470828539607236,0.8058166430565487,291404,1.0441828466990064,0.25,S2,W29U_41FD60E27CD7FE165904AA23
-0.010046820986463742,0.022020637744379457,0.8163664522613209,291404,1.0344969151466668,0.5,S2,W29U_41FD60E27CD7FE165904AA23
0.018343647043590674,0.03358312173809286,0.8279289362550343,291404,1.0054192021273776,0.75,S2,W29U_41FD60E27CD7FE165904AA23
0.02944733509698062,0.04806953249199253,0.842415347008934,291404,0.9940467282981195,1.0,S2,W29U_41FD60E27CD7FE165904AA23
0.0,0.0,0.9904521409381394,291404,0.848196061187258,0.0,S2,W29U_F38CAC611236E1EDC4F0B734
0.16546041826146826,0.0009184634333138098,0.9913706043714532,291404,0.7078531861353189,0.25,S2,W29U_F38CAC611236E1EDC4F0B734
0.32909233036230817,0.001146297522298445,0.9915984384604378,291404,0.5690612428066832,0.5,S2,W29U_F38CAC611236E1EDC4F0B734
0.46987612206134255,0.00031987552475065684,0.99077201646289,291404,0.4496489852084141,0.75,S2,W29U_F38CAC611236E1EDC4F0B734
0.5544203620979633,-0.0010843850731750981,0.9893677558649643,291404,0.3779388938131978,1.0,S2,W29U_F38CAC611236E1EDC4F0B734
0.0,0.0,0.923853605676379,291404,0.935084927868779,0.0,S2,W29U_253B572365B24FEC3BC50C3A
-0.0005829011982965121,0.0026194842715330235,0.926473089947912,291404,0.9356299899937432,0.25,S2,W29U_253B572365B24FEC3BC50C3A
-0.0010045524954064012,0.004958040023055887,0.9288116456994349,291404,0.9360242697664874,0.5,S2,W29U_253B572365B24FEC3BC50C3A
-0.0011899372981423887,0.006971795022548077,0.930825400698927,291404,0.936197620301382,0.75,S2,W29U_253B572365B24FEC3BC50C3A
-0.0010242808929413513,0.008615435445625153,0.9324690411220041,291404,0.9360427174936734,1.0,S2,W29U_253B572365B24FEC3BC50C3A
0.0,0.0,0.9829297245583242,291404,1.4070405227275462,0.0,S2,W29U_9EC6A4D2F3C37960EF79F609
0.059700162237023395,0.00977599562304965,0.9927057201813738,291404,1.3230399752465858,0.25,S2,W29U_9EC6A4D2F3C37960EF79F609
0.387240041960849,0.000695967205248893,0.9836256917635731,291404,0.8621780916655291,0.5,S2,W29U_9EC6A4D2F3C37960EF79F609
0.9188231027942723,0.014784418781678466,0.9977141433400026,291404,0.11421918387682839,0.75,S2,W29U_9EC6A4D2F3C37960EF79F609
-0.0989472042945515,-0.34688702064476595,0.6360427039135582,291404,1.5462632487806802,1.0,S2,W29U_9EC6A4D2F3C37960EF79F609
0.0,0.0,0.8498462215644841,291404,0.9468354040306617,0.0,S2,W29U_2EE18F548561B5DF87AA953F
0.003998123387121833,-0.0009716869325534505,0.8488745346319306,291404,0.9430498392580478,0.25,S2,W29U_2EE18F548561B5DF87AA953F
0.007084390675105142,-0.002529094547387478,0.8473171270170966,291404,0.9401276521234804,0.5,S2,W29U_2EE18F548561B5DF87AA953F
0.009322040795233254,-0.004647142769924395,0.8451990787945597,291404,0.9380089657679074,0.75,S2,W29U_2EE18F548561B5DF87AA953F
0.010800485493223771,-0.007275173729712092,0.842571047834772,291404,0.9366091219849471,1.0,S2,W29U_2EE18F548561B5DF87AA953F
0.0,0.0,0.8060102404702674,291404,0.9322267361014175,0.0,S2,W29U_03F715C9B2E6CAD085714748
-0.0018976838454644164,0.001494488837461616,0.807504729307729,291404,0.9339958077188291,0.25,S2,W29U_03F715C9B2E6CAD085714748
-0.00419122059590586,0.0029257495918729726,0.8089359900621403,291404,0.936133903997824,0.5,S2,W29U_03F715C9B2E6CAD085714748
-0.00683446472388175,0.004311551176822692,0.8103217916470901,291404,0.9385980068439689,0.75,S2,W29U_03F715C9B2E6CAD085714748
-0.009772820780855916,0.005670076102861632,0.811680316573129,291404,0.9413372209204687,1.0,S2,W29U_03F715C9B2E6CAD085714748
0.0,0.0,0.9659558756682395,291404,0.7564813603498158,0.0,S2,W29U_6E1CE2BCDE6D0C1A10B6BCF1
-0.0012617275770922176,0.00018524500059879934,0.9661411206688383,291404,0.7574358337437267,0.25,S2,W29U_6E1CE2BCDE6D0C1A10B6BCF1
-0.002883765717315046,0.00016937831707719564,0.9661252539853167,291404,0.7586628753625834,0.5,S2,W29U_6E1CE2BCDE6D0C1A10B6BCF1
-0.004964426598705378,-7.625060003690898e-05,0.9658796250682026,291404,0.7602368565365663,0.75,S2,W29U_6E1CE2BCDE6D0C1A10B6BCF1
-0.0076288216465791505,-0.000585464590247331,0.9653704110779922,291404,0.7622524217268938,1.0,S2,W29U_6E1CE2BCDE6D0C1A10B6BCF1
0.0,0.0,0.4568413665005193,291404,1.1540482430091898,0.0,S2,W29U_B37F78D6C87C711025971C0A
-0.06342486680010004,0.010733848331031637,0.46757521483155096,291404,1.2272435991030006,0.25,S2,W29U_B37F78D6C87C711025971C0A
-0.021323273858829133,0.030156640666744616,0.48699800716726394,291404,1.1786563297411967,0.5,S2,W29U_B37F78D6C87C711025971C0A
0.1964288439596037,0.07878436887206974,0.5356257353725891,291404,0.9273598807610864,0.75,S2,W29U_B37F78D6C87C711025971C0A
0.3653936353915404,0.21320410949694546,0.6700454759974648,291404,0.7323663600784767,1.0,S2,W29U_B37F78D6C87C711025971C0A
0.0,0.0,0.5411836064015111,291404,1.0803834864635855,0.0,S2,W29U_BA8F0BBA7DD34894F52D8984
-0.019012553008101885,0.012203373173718668,0.5533869795752298,291404,1.1009243347690714,0.25,S2,W29U_BA8F0BBA7DD34894F52D8984
0.05784257039101076,0.030663764869847343,0.5718473712713584,291404,1.017891328598472,0.5,S2,W29U_BA8F0BBA7DD34894F52D8984
0.13680257876901925,0.05887484576427182,0.6000584521657829,291404,0.9325842394557664,0.75,S2,W29U_BA8F0BBA7DD34894F52D8984
0.12368299673551292,0.09184517321465313,0.6330287796161642,291404,0.9467584192340841,1.0,S2,W29U_BA8F0BBA7DD34894F52D8984
0.0,0.0,0.5203428144597605,291404,0.9371401073838166,0.0,S2,W29U_1A76051F68A035461FA58639
0.20113620019603826,0.028414139007428396,0.5487569534671889,291404,0.7486473071331273,0.25,S2,W29U_1A76051F68A035461FA58639
0.39750795661030497,0.10759037785176262,0.6279331923115231,291404,0.5646194582397164,0.5,S2,W29U_1A76051F68A035461FA58639
0.49754179976052515,0.21865865978411891,0.7390014742438794,291404,0.47087373172780317,0.75,S2,W29U_1A76051F68A035461FA58639
0.5319656127230072,0.2689910009309373,0.7893338153906978,291404,0.4386137959515478,1.0,S2,W29U_1A76051F68A035461FA58639
0.0,0.0,0.9239612322476579,291404,1.733159657645891,0.0,S2,W29U_2E4321BF2DB1D8DD3E839BC4
0.013564129298433847,0.0018848032213155674,0.9258460354689735,291404,1.7096508559547392,0.25,S2,W29U_2E4321BF2DB1D8DD3E839BC4
0.032767119022423394,0.003432026900399454,0.9273932591480574,291404,1.6763690088589127,0.5,S2,W29U_2E4321BF2DB1D8DD3E839BC4
0.05812029522107424,0.004591249972687783,0.9285524822203457,291404,1.6324279066781977,0.75,S2,W29U_2E4321BF2DB1D8DD3E839BC4
0.08978902096349682,0.005310879118665901,0.9292721113663238,291404,1.5775409488123473,1.0,S2,W29U_2E4321BF2DB1D8DD3E839BC4
0.0,0.0,0.6494711774237979,291404,0.9798446112762638,0.0,S2,W29U_F0D8813BABEB03235BE3F5F1
-0.00018157199189678294,0.011966750479673549,0.6614379279034714,291404,0.9800225236140827,0.25,S2,W29U_F0D8813BABEB03235BE3F5F1
0.015442190996016557,0.025421372467853698,0.6748925498916516,291404,0.9647136636425027,0.5,S2,W29U_F0D8813BABEB03235BE3F5F1
0.04218140889942086,0.04052841973025212,0.68999959715405,291404,0.9385133850700834,0.75,S2,W29U_F0D8813BABEB03235BE3F5F1
0.0761653647846104,0.0574612211829677,0.7069323986067656,291404,0.9052143890260962,1.0,S2,W29U_F0D8813BABEB03235BE3F5F1
0.0,0.0,0.47499159767343785,291404,1.0660544246839299,0.0,S2,W29U_75E1B5DFD8A7A539DE8FC900
0.06475731837719803,0.017271004502131815,0.49226260217556966,291404,0.9970195988971872,0.25,S2,W29U_75E1B5DFD8A7A539DE8FC900
0.13883213745799447,0.04462596008123748,0.5196175577546753,291404,0.9180518102583685,0.5,S2,W29U_75E1B5DFD8A7A539DE8FC900
0.05821314463727718,0.07461037967792611,0.549601977351364,291404,1.0039960442685367,0.75,S2,W29U_75E1B5DFD8A7A539DE8FC900
0.07303555970801963,0.11496884504420352,0.5899604427176414,291404,0.9881945430978551,1.0,S2,W29U_75E1B5DFD8A7A539DE8FC900
0.0,0.0,0.897367319613706,291404,1.5638165699696835,0.0,S2,W29U_9F64F2ED6522A8545701DEE2
0.7650961726419212,0.05899238845942811,0.9563597080731341,291404,0.3673464975710963,0.25,S2,W29U_9F64F2ED6522A8545701DEE2
0.8945328883592374,0.08848422420941537,0.9858515438231213,291404,0.16493121676977246,0.5,S2,W29U_9F64F2ED6522A8545701DEE2
0.9358917041189497,0.09716081939022159,0.9945281390039276,291404,0.10025361537036974,0.75,S2,W29U_9F64F2ED6522A8545701DEE2
0.943630968719472,0.09752282965815984,0.9948901492718658,291404,0.08815082514868527,1.0,S2,W29U_9F64F2ED6522A8545701DEE2
0.0,0.0,0.8768956165965994,291404,0.9164058812651869,0.0,S2,W29U_1B1E7F331C8C1B7B2435E8C2
0.02126246849834878,0.012251254808110512,0.8891468714047099,291404,0.896920830083063,0.25,S2,W29U_1B1E7F331C8C1B7B2435E8C2
0.05263603743294027,0.024886069572172875,0.9017816861687723,291404,0.8681699069950932,0.5,S2,W29U_1B1E7F331C8C1B7B2435E8C2
0.09521228537379421,0.037844624948852656,0.9147402415454521,291404,0.8291527829798473,0.75,S2,W29U_1B1E7F331C8C1B7B2435E8C2
0.1511076894305514,0.050988972131684185,0.9278845887282836,291404,0.7779299059664851,1.0,S2,W29U_1B1E7F331C8C1B7B2435E8C2
0.0,0.0,0.9171048717163413,291404,1.355154789117978,0.0,S2,W29U_8FEF3BAD240070F8614650A4
-0.09011152128052372,-0.06089534510511929,0.856209526611222,291404,1.4772698487360765,0.25,S2,W29U_8FEF3BAD240070F8614650A4
0.030790611469307352,0.04698523899721474,0.964090110713556,291404,1.3134287445254444,0.5,S2,W29U_8FEF3BAD240070F8614650A4
0.007347696969142021,0.061335741709341085,0.9784406134256823,291404,1.3451975223812502,0.75,S2,W29U_8FEF3BAD240070F8614650A4
-0.018813591169612984,0.0443413313117178,0.961446203028059,291404,1.3806501172920056,1.0,S2,W29U_8FEF3BAD240070F8614650A4
